TREE_TYPE;TREE_ID;VERSION;NODE_ID;PARENT_ID;LEV;NODE_TYPE;TECH_NAME;LOGICAL_PATH;FULL_PATH;LENGTH;DATA_TYPE;ATOM_HANDL;MP_SC_TAB;MP_SC_FLD;MP_OFFSET;MP_SC_OFFSET;MP_CONST;MP_EXIT_FUNC;CK_EXIT_FUNC;CONDITIONS;ORIGIN;STATUS;VAR_NAME;TEXT
PAYM;Z_PT_CGI_XML_CT_V9;000;N_6526782610;ROOT;001;ELEM;Document;/Document;/Document;0000;C;;;;000;000;;;;;INHERITED_FROM_PARENT;ACTIVE;;
PAYM;Z_PT_CGI_XML_CT_V9;000;N_8996309460;N_6526782610;000;XMAT;xmlns;/Document/@xmlns;/Document/@xmlns;0000;C;;;;000;000;;;;;INHERITED_FROM_PARENT;ACTIVE;;Default XML namespace
PAYM;Z_PT_CGI_XML_CT_V9;000;N_0622099430;N_8996309460;000;ATOM;ISO;/Document/@xmlns/:atom:ISO;/Document/@xmlns/:atom:ISO;0070;C;;;;000;000;urn:iso:std:iso:20022:tech:xsd:pain.001.001.09;;;FPM_CGI-XMLNS = SPACE;INHERITED_FROM_PARENT;ACTIVE;;
PAYM;Z_PT_CGI_XML_CT_V9;000;N_7913789990;N_8996309460;000;ATOM;Para;/Document/@xmlns/:atom:Para;/Document/@xmlns/:atom:Para;0070;C;;FPM_CGI;XMLNS;000;000;;;;FPM_CGI-XMLNS <> SPACE;INHERITED_FROM_PARENT;ACTIVE;;
PAYM;Z_PT_CGI_XML_CT_V9;000;N_5979576990;N_6526782610;000;XMAT;xmlns:xsi;/Document/@xmlns:xsi;/Document/@xmlns:xsi;0000;C;;;;000;000;;;;;INHERITED_FROM_PARENT;ACTIVE;;XML namespace for XMLSchema-instance
PAYM;Z_PT_CGI_XML_CT_V9;000;N_1510283750;N_5979576990;000;ATOM;ISO;/Document/@xmlns:xsi/:atom:ISO;/Document/@xmlns:xsi/:atom:ISO;0070;C;;;;000;000;http://www.w3.org/2001/XMLSchema-instance;;;FPM_CGI-XSI = SPACE;INHERITED_FROM_PARENT;ACTIVE;;
PAYM;Z_PT_CGI_XML_CT_V9;000;N_3606440470;N_5979576990;000;ATOM;Para;/Document/@xmlns:xsi/:atom:Para;/Document/@xmlns:xsi/:atom:Para;0070;C;;FPM_CGI;XSI;000;000;;;;FPM_CGI-XSI <> SPACE;INHERITED_FROM_PARENT;ACTIVE;;
PAYM;Z_PT_CGI_XML_CT_V9;000;N_7050014740;N_6526782610;000;XMAT;xsi:schemaLocation;/Document/@xsi:schemaLocation;/Document/@xsi:schemaLocation;0000;C;;FPM_CGI;SCHEMALOCATION;000;000;;;;FPM_CGI-SCHEMALOCATION <> SPACE;INHERITED_FROM_PARENT;ACTIVE;;Locates schemas for elements and attributes
PAYM;Z_PT_CGI_XML_CT_V9;000;N_3041630990;N_6526782610;001;ELEM;CstmrCdtTrfInitn;/Document/CstmrCdtTrfInitn;/Document/CstmrCdtTrfInitn;0000;C;;;;000;000;;;;;INHERITED_FROM_PARENT;ACTIVE;;Customer Credit Transfer Initiation
PAYM;Z_PT_CGI_XML_CT_V9;000;N_4806967320;N_3041630990;001;ELEM;GrpHdr;/Document/CstmrCdtTrfInitn/GrpHdr;/Document/CstmrCdtTrfInitn/GrpHdr;0000;C;;;;000;000;;;;;INHERITED_FROM_PARENT;ACTIVE;;Set of characteristics shared by all individ. transactions incl. in message
PAYM;Z_PT_CGI_XML_CT_V9;000;N01162684500;N_4806967320;000;TECH;MessageId;/Document/CstmrCdtTrfInitn/GrpHdr/(TECH:MessageId);/Document/CstmrCdtTrfInitn/GrpHdr/(TECH:MessageId);0000;C;;;;000;000;;DMEE_EXIT_SEPA_COUNTRIES;;;ADDED_IN_TREE;ACTIVE;;
PAYM;Z_PT_CGI_XML_CT_V9;000;N_0750428187;N_4806967320;001;ELEM;Authstn;/Document/CstmrCdtTrfInitn/GrpHdr/Authstn;/Document/CstmrCdtTrfInitn/GrpHdr/Authstn;0000;C;;;;000;000;;;;;INHERITED_FROM_PARENT;ACTIVE;;User id/key to check whether init. party is allowed to initiate transaction
PAYM;Z_PT_CGI_XML_CT_V9;000;N_0567379417;N_0750428187;001;ELEM;Cd;/Document/CstmrCdtTrfInitn/GrpHdr/Authstn/Cd;/Document/CstmrCdtTrfInitn/GrpHdr/Authstn/Cd;0000;C;;;;000;000;;;;;INHERITED_FROM_PARENT;ACTIVE;;Specifies authorisation, in coded form
PAYM;Z_PT_CGI_XML_CT_V9;000;N_0202073967;N_0750428187;001;ELEM;Prtry;/Document/CstmrCdtTrfInitn/GrpHdr/Authstn/Prtry;/Document/CstmrCdtTrfInitn/GrpHdr/Authstn/Prtry;0004;C;;;;000;000;;;;;REDEFINED_IN_TREE;ACTIVE;;Specifies authorisation, in free text form
PAYM;Z_PT_CGI_XML_CT_V9;000;N01358037382;N_0202073967;000;ATOM;NVOP;/Document/CstmrCdtTrfInitn/GrpHdr/Authstn/Prtry/:atom:NVOP;/Document/CstmrCdtTrfInitn/GrpHdr/Authstn/Prtry/:atom:NVOP;0000;C;;;;000;000;NVOP;;;;ADDED_IN_TREE;ACTIVE;;No verification of payee
PAYM;Z_PT_CGI_XML_CT_V9;000;N01476863019;N_0202073967;000;ATOM;VOP;/Document/CstmrCdtTrfInitn/GrpHdr/Authstn/Prtry/:atom:VOP;/Document/CstmrCdtTrfInitn/GrpHdr/Authstn/Prtry/:atom:VOP;0000;C;;;;000;000;VOP;;;1 = SPACE;ADDED_IN_TREE;ACTIVE;;Verification of Payee
PAYM;Z_PT_CGI_XML_CT_V9;000;N_2396761100;N_4806967320;001;ELEM;CreDtTm;/Document/CstmrCdtTrfInitn/GrpHdr/CreDtTm;/Document/CstmrCdtTrfInitn/GrpHdr/CreDtTm;0025;C;01;SYST;DATLO;000;000;;;;;INHERITED_FROM_PARENT;ACTIVE;;Date and time at which message was created
PAYM;Z_PT_CGI_XML_CT_V9;000;N_7098180290;N_2396761100;000;ATOM;-;/Document/CstmrCdtTrfInitn/GrpHdr/CreDtTm/:atom:-;/Document/CstmrCdtTrfInitn/GrpHdr/CreDtTm/:atom:-;0000;C;;;;007;000;-;;;;INHERITED_FROM_PARENT;ACTIVE;;
PAYM;Z_PT_CGI_XML_CT_V9;000;N_9742238510;N_2396761100;000;ATOM;-;/Document/CstmrCdtTrfInitn/GrpHdr/CreDtTm/:atom:-;/Document/CstmrCdtTrfInitn/GrpHdr/CreDtTm/:atom:-;0001;C;;;;004;000;-;;;;INHERITED_FROM_PARENT;ACTIVE;;
PAYM;Z_PT_CGI_XML_CT_V9;000;N_2393487010;N_2396761100;000;ATOM;DD;/Document/CstmrCdtTrfInitn/GrpHdr/CreDtTm/:atom:DD;/Document/CstmrCdtTrfInitn/GrpHdr/CreDtTm/:atom:DD;0002;C;;SYST;DATLO+006;008;000;;;;;INHERITED_FROM_PARENT;ACTIVE;;
PAYM;Z_PT_CGI_XML_CT_V9;000;N_4631279510;N_2396761100;000;ATOM;MM;/Document/CstmrCdtTrfInitn/GrpHdr/CreDtTm/:atom:MM;/Document/CstmrCdtTrfInitn/GrpHdr/CreDtTm/:atom:MM;0002;C;;SYST;DATLO+004;005;000;;;;;INHERITED_FROM_PARENT;ACTIVE;;
PAYM;Z_PT_CGI_XML_CT_V9;000;N_4068925450;N_2396761100;000;ATOM;T;/Document/CstmrCdtTrfInitn/GrpHdr/CreDtTm/:atom:T;/Document/CstmrCdtTrfInitn/GrpHdr/CreDtTm/:atom:T;0001;C;;;;010;000;T;;;;INHERITED_FROM_PARENT;ACTIVE;;
PAYM;Z_PT_CGI_XML_CT_V9;000;N_2751747870;N_2396761100;000;ATOM;Time;/Document/CstmrCdtTrfInitn/GrpHdr/CreDtTm/:atom:Time;/Document/CstmrCdtTrfInitn/GrpHdr/CreDtTm/:atom:Time;0008;C;;SYST;TIMLO;011;000;;;;;INHERITED_FROM_PARENT;ACTIVE;;
PAYM;Z_PT_CGI_XML_CT_V9;000;N_4418464780;N_2396761100;000;ATOM;YYYY;/Document/CstmrCdtTrfInitn/GrpHdr/CreDtTm/:atom:YYYY;/Document/CstmrCdtTrfInitn/GrpHdr/CreDtTm/:atom:YYYY;0004;C;;SYST;DATLO;000;000;;;;;INHERITED_FROM_PARENT;ACTIVE;;
PAYM;Z_PT_CGI_XML_CT_V9;000;N_9722403980;N_4806967320;001;ELEM;CtrlSum;/Document/CstmrCdtTrfInitn/GrpHdr/CtrlSum;/Document/CstmrCdtTrfInitn/GrpHdr/CtrlSum;0018;P;;;;000;000;;;;;INHERITED_FROM_PARENT;ACTIVE;;Total of all indiv. amounts included in message, irrespective of currencies
PAYM;Z_PT_CGI_XML_CT_V9;000;N_7509590460;N_4806967320;001;ELEM;InitgPty;/Document/CstmrCdtTrfInitn/GrpHdr/InitgPty;/Document/CstmrCdtTrfInitn/GrpHdr/InitgPty;0000;C;;;;000;000;;;;;INHERITED_FROM_PARENT;ACTIVE;;Party that initiates payment
PAYM;Z_PT_CGI_XML_CT_V9;000;N01833378663;N_7509590460;001;TECH;CtctDtls;/Document/CstmrCdtTrfInitn/GrpHdr/InitgPty/(TECH:CtctDtls);/Document/CstmrCdtTrfInitn/GrpHdr/InitgPty/(TECH:CtctDtls);0000;C;;;;000;000;;DMEE_EXIT_SEPA_COUNTRIES;;;ADDED_IN_TREE;ACTIVE;;
PAYM;Z_PT_CGI_XML_CT_V9;000;N01496614496;N_7509590460;001;TECH;Id;/Document/CstmrCdtTrfInitn/GrpHdr/InitgPty/(TECH:Id);/Document/CstmrCdtTrfInitn/GrpHdr/InitgPty/(TECH:Id);0000;C;;;;000;000;;Z_DMEE_EXIT_SEPA_COUNTRIES;;;ADDED_IN_TREE;ACTIVE;;
PAYM;Z_PT_CGI_XML_CT_V9;000;N_6435435750;N_7509590460;000;ELEM;CtctDtls;/Document/CstmrCdtTrfInitn/GrpHdr/InitgPty/CtctDtls;/Document/CstmrCdtTrfInitn/GrpHdr/InitgPty/CtctDtls;0000;C;;;;000;000;;;;= 'X';REDEFINED_IN_TREE;ACTIVE;;Set of elements used to indicate how to contact party
PAYM;Z_PT_CGI_XML_CT_V9;000;N_1261069790;N_6435435750;000;ELEM;Nm;/Document/CstmrCdtTrfInitn/GrpHdr/InitgPty/CtctDtls/Nm;/Document/CstmrCdtTrfInitn/GrpHdr/InitgPty/CtctDtls/Nm;0000;C;;;;000;000;;DMEE_EXIT_SEPA_COUNTRIES;;;REDEFINED_IN_TREE;ACTIVE;;Name by which party is known and which is usually used to identify party
PAYM;Z_PT_CGI_XML_CT_V9;000;N_1257999100;N_6435435750;000;ELEM;Othr;/Document/CstmrCdtTrfInitn/GrpHdr/InitgPty/CtctDtls/Othr;/Document/CstmrCdtTrfInitn/GrpHdr/InitgPty/CtctDtls/Othr;0000;C;;;;000;000;;DMEE_EXIT_SEPA_COUNTRIES;;;REDEFINED_IN_TREE;ACTIVE;;Contact details in another form
PAYM;Z_PT_CGI_XML_CT_V9;000;N01155574158;N_7509590460;000;ELEM;Id;/Document/CstmrCdtTrfInitn/GrpHdr/InitgPty/Id;/Document/CstmrCdtTrfInitn/GrpHdr/InitgPty/Id;0000;C;;;;000;000;;;;FPAYH-HBKID >= 'CBK01' AND FPAYH-HBKID <= 'CBK99' AND FPAYHX-UBNKS = 'ES';ADDED_IN_TREE;ACTIVE;;
PAYM;Z_PT_CGI_XML_CT_V9;000;N_8063921300;N_7509590460;001;ELEM;Id;/Document/CstmrCdtTrfInitn/GrpHdr/InitgPty/Id;/Document/CstmrCdtTrfInitn/GrpHdr/InitgPty/Id;0000;C;;;;000;000;;;;;INHERITED_FROM_PARENT;ACTIVE;;Unique and unambiguous identification of party
PAYM;Z_PT_CGI_XML_CT_V9;000;N01539277211;N_8063921300;000;TECH;OrgId;/Document/CstmrCdtTrfInitn/GrpHdr/InitgPty/Id/(TECH:OrgId);/Document/CstmrCdtTrfInitn/GrpHdr/InitgPty/Id/(TECH:OrgId);0000;C;;;;000;000;;DMEE_EXIT_SEPA_COUNTRIES;;;ADDED_IN_TREE;ACTIVE;;
PAYM;Z_PT_CGI_XML_CT_V9;000;N01121578425;N_8063921300;001;TECH;PrvtId;/Document/CstmrCdtTrfInitn/GrpHdr/InitgPty/Id/(TECH:PrvtId);/Document/CstmrCdtTrfInitn/GrpHdr/InitgPty/Id/(TECH:PrvtId);0000;C;;;;000;000;;Z_DMEE_EXIT_SEPA_COUNTRIES;;;ADDED_IN_TREE;ACTIVE;;
PAYM;Z_PT_CGI_XML_CT_V9;000;N_9967081970;N_8063921300;001;ELEM;OrgId;/Document/CstmrCdtTrfInitn/GrpHdr/InitgPty/Id/OrgId;/Document/CstmrCdtTrfInitn/GrpHdr/InitgPty/Id/OrgId;0000;C;;;;000;000;;;;;INHERITED_FROM_PARENT;ACTIVE;;Unique and unambiguous way to identify organisation
PAYM;Z_PT_CGI_XML_CT_V9;000;N_4582915510;N_9967081970;001;ELEM;AnyBIC;/Document/CstmrCdtTrfInitn/GrpHdr/InitgPty/Id/OrgId/AnyBIC;/Document/CstmrCdtTrfInitn/GrpHdr/InitgPty/Id/OrgId/AnyBIC;0010;C;;FPAYHX;REF12+040;000;000;;;;FPAYHX-REF12+030(10) = 'SWIFT';INHERITED_FROM_PARENT;ACTIVE;;Business identification code of organisation
PAYM;Z_PT_CGI_XML_CT_V9;000;N_8655981910;N_9967081970;001;ELEM;Othr;/Document/CstmrCdtTrfInitn/GrpHdr/InitgPty/Id/OrgId/Othr;/Document/CstmrCdtTrfInitn/GrpHdr/InitgPty/Id/OrgId/Othr;0000;C;;;;000;000;;;;FPAYHX-REF12+030(10) <> 'SWIFT' AND (FPAYHX-REF12+040(10) <> SPACE OR FPAYHX-DTKID <> SPACE);INHERITED_FROM_PARENT;ACTIVE;;Unique id. of organisation, as assigned by institution, using ident. scheme
PAYM;Z_PT_CGI_XML_CT_V9;000;N_6237612660;N_8655981910;001;ELEM;Id;/Document/CstmrCdtTrfInitn/GrpHdr/InitgPty/Id/OrgId/Othr/Id;/Document/CstmrCdtTrfInitn/GrpHdr/InitgPty/Id/OrgId/Othr/Id;0018;C;;FPAYHX;REF13;000;000;;;;FPAYHX-REF12+030(10) <> 'SWIFT';INHERITED_FROM_PARENT;ACTIVE;;Identification assigned by institution
PAYM;Z_PT_CGI_XML_CT_V9;000;N_0285705677;N_6237612660;000;ATOM;CGIID;/Document/CstmrCdtTrfInitn/GrpHdr/InitgPty/Id/OrgId/Othr/Id/:atom:CGIID;/Document/CstmrCdtTrfInitn/GrpHdr/InitgPty/Id/OrgId/Othr/Id/:atom:CGIID;0010;C;;FPAYHX;REF12+040;000;000;;;;FPAYHX-REF12+040(10) <> SPACE AND FPAYHX-DTKID = SPACE;INHERITED_FROM_PARENT;ACTIVE;;
PAYM;Z_PT_CGI_XML_CT_V9;000;N_0277720823;N_6237612660;000;ATOM;CUSTID;/Document/CstmrCdtTrfInitn/GrpHdr/InitgPty/Id/OrgId/Othr/Id/:atom:CUSTID;/Document/CstmrCdtTrfInitn/GrpHdr/InitgPty/Id/OrgId/Othr/Id/:atom:CUSTID;0018;C;;FPAYHX;DTKID;000;000;;;;FPAYHX-DTKID <> SPACE;INHERITED_FROM_PARENT;ACTIVE;;
PAYM;Z_PT_CGI_XML_CT_V9;000;N01869216625;N_6237612660;000;ATOM;NOTPROVIDED;/Document/CstmrCdtTrfInitn/GrpHdr/InitgPty/Id/OrgId/Othr/Id/:atom:NOTPROVIDED;/Document/CstmrCdtTrfInitn/GrpHdr/InitgPty/Id/OrgId/Othr/Id/:atom:NOTPROVIDED;0000;C;;;;000;000;NOTPROVIDED;;;FPAYHX-DTKID = SPACE AND FPAYHX-REF12+040(10) = SPACE;ADDED_IN_TREE;ACTIVE;;
PAYM;Z_PT_CGI_XML_CT_V9;000;N_3811331710;N_8655981910;001;ELEM;Issr;/Document/CstmrCdtTrfInitn/GrpHdr/InitgPty/Id/OrgId/Othr/Issr;/Document/CstmrCdtTrfInitn/GrpHdr/InitgPty/Id/OrgId/Othr/Issr;0010;C;;FPAYHX;REF12+030;000;000;;;;FPAYHX-REF12+030(10) <> 'SWIFT';REDEFINED_IN_TREE;DEACTIVATED;;Entity that assigns identification
PAYM;Z_PT_CGI_XML_CT_V9;000;N_7569476860;N_8655981910;001;ELEM;SchmeNm;/Document/CstmrCdtTrfInitn/GrpHdr/InitgPty/Id/OrgId/Othr/SchmeNm;/Document/CstmrCdtTrfInitn/GrpHdr/InitgPty/Id/OrgId/Othr/SchmeNm;0000;C;;;;000;000;;;;FPAYHX-REF03+0(1) <> 'S';REDEFINED_IN_TREE;ACTIVE;;Name of identification scheme
PAYM;Z_PT_CGI_XML_CT_V9;000;N_3680388280;N_7569476860;001;ELEM;Cd;/Document/CstmrCdtTrfInitn/GrpHdr/InitgPty/Id/OrgId/Othr/SchmeNm/Cd;/Document/CstmrCdtTrfInitn/GrpHdr/InitgPty/Id/OrgId/Othr/SchmeNm/Cd;0004;C;;FPAYHX;REF12+060;000;000;;;;FPAYHX-REF12+030(10) <> 'SWIFT' AND FPAYHX-REF12+050(10) = SPACE AND (FPAYHX-REF03+0(1) <> 'S' OR (FPAYHX-REF03+0(1) = 'S' AND FPAYHX-REF12+040(10) = SPACE) ) AND (FPAYHX-REF12+040(10) <> SPACE OR FPAYHX-DTKID <> SPACE);INHERITED_FROM_PARENT;ACTIVE;;Name of identification scheme, in coded form as published in external list
PAYM;Z_PT_CGI_XML_CT_V9;000;N_0210961684;N_3680388280;000;ATOM;CGICD;/Document/CstmrCdtTrfInitn/GrpHdr/InitgPty/Id/OrgId/Othr/SchmeNm/Cd/:atom:CGICD;/Document/CstmrCdtTrfInitn/GrpHdr/InitgPty/Id/OrgId/Othr/SchmeNm/Cd/:atom:CGICD;0004;C;;FPAYHX;REF12+060;000;000;;;;FPAYHX-REF12+060(4) <> SPACE;INHERITED_FROM_PARENT;ACTIVE;;
PAYM;Z_PT_CGI_XML_CT_V9;000;N_0111309059;N_3680388280;000;ATOM;CODE;/Document/CstmrCdtTrfInitn/GrpHdr/InitgPty/Id/OrgId/Othr/SchmeNm/Cd/:atom:CODE;/Document/CstmrCdtTrfInitn/GrpHdr/InitgPty/Id/OrgId/Othr/SchmeNm/Cd/:atom:CODE;0004;C;;;;000;000;BANK;;;FPAYHX-REF12+060(4) = SPACE;INHERITED_FROM_PARENT;ACTIVE;;
PAYM;Z_PT_CGI_XML_CT_V9;000;N_3361817520;N_7569476860;001;ELEM;Prtry;/Document/CstmrCdtTrfInitn/GrpHdr/InitgPty/Id/OrgId/Othr/SchmeNm/Prtry;/Document/CstmrCdtTrfInitn/GrpHdr/InitgPty/Id/OrgId/Othr/SchmeNm/Prtry;0010;C;;FPAYHX;REF12+050;000;000;;;;FPAYHX-REF12+040(10) <> SPACE AND FPAYHX-REF12+030(10) <> 'SWIFT' AND FPAYHX-REF12+050(10) <> SPACE;INHERITED_FROM_PARENT;ACTIVE;;Name of identification scheme, in free text form
PAYM;Z_PT_CGI_XML_CT_V9;000;N01296380720;N01155574158;001;ELEM;PrvtId;/Document/CstmrCdtTrfInitn/GrpHdr/InitgPty/Id/PrvtId;/Document/CstmrCdtTrfInitn/GrpHdr/InitgPty/Id/PrvtId;0000;C;;;;000;000;;;;;ADDED_IN_TREE;ACTIVE;;
PAYM;Z_PT_CGI_XML_CT_V9;000;N01535075580;N_8063921300;000;ELEM;PrvtId;/Document/CstmrCdtTrfInitn/GrpHdr/InitgPty/Id/PrvtId;/Document/CstmrCdtTrfInitn/GrpHdr/InitgPty/Id/PrvtId;0000;C;;;;000;000;;;;;ADDED_IN_TREE;ACTIVE;;
PAYM;Z_PT_CGI_XML_CT_V9;000;N01888925069;N01296380720;001;ELEM;Othr;/Document/CstmrCdtTrfInitn/GrpHdr/InitgPty/Id/PrvtId/Othr;/Document/CstmrCdtTrfInitn/GrpHdr/InitgPty/Id/PrvtId/Othr;0000;C;;;;000;000;;;;;ADDED_IN_TREE;ACTIVE;;
PAYM;Z_PT_CGI_XML_CT_V9;000;N01911281491;N01535075580;000;ELEM;Othr;/Document/CstmrCdtTrfInitn/GrpHdr/InitgPty/Id/PrvtId/Othr;/Document/CstmrCdtTrfInitn/GrpHdr/InitgPty/Id/PrvtId/Othr;0000;C;;;;000;000;;;;;ADDED_IN_TREE;ACTIVE;;
PAYM;Z_PT_CGI_XML_CT_V9;000;N01032232419;N01911281491;000;ELEM;Id;/Document/CstmrCdtTrfInitn/GrpHdr/InitgPty/Id/PrvtId/Othr/Id;/Document/CstmrCdtTrfInitn/GrpHdr/InitgPty/Id/PrvtId/Othr/Id;0016;C;;FPAYHX;STCEG+002;002;000;1;;;= SPACE;ADDED_IN_TREE;ACTIVE;;
PAYM;Z_PT_CGI_XML_CT_V9;000;N01274007991;N01911281491;000;ELEM;Id;/Document/CstmrCdtTrfInitn/GrpHdr/InitgPty/Id/PrvtId/Othr/Id;/Document/CstmrCdtTrfInitn/GrpHdr/InitgPty/Id/PrvtId/Othr/Id;0016;C;;FPAYHX;STCEG+002;002;000;1;DMEE_EXIT_SEPA_COUNTRIES;;= 'X';ADDED_IN_TREE;ACTIVE;;
PAYM;Z_PT_CGI_XML_CT_V9;000;N01527110674;N01888925069;000;ELEM;Id;/Document/CstmrCdtTrfInitn/GrpHdr/InitgPty/Id/PrvtId/Othr/Id;/Document/CstmrCdtTrfInitn/GrpHdr/InitgPty/Id/PrvtId/Othr/Id;0000;C;;;;000;000;71501030951;;;FPAYP-BUKRS = '2120' AND FPAYHX-UBKNT = '42827401013';ADDED_IN_TREE;ACTIVE;;
PAYM;Z_PT_CGI_XML_CT_V9;000;N01546038221;N01888925069;000;ELEM;Id;/Document/CstmrCdtTrfInitn/GrpHdr/InitgPty/Id/PrvtId/Othr/Id;/Document/CstmrCdtTrfInitn/GrpHdr/InitgPty/Id/PrvtId/Othr/Id;0000;C;;;;000;000;N0106162A000;;;FPAYP-BUKRS = '2010' AND FPAYHX-UBKNT = '0200082137';ADDED_IN_TREE;ACTIVE;;
PAYM;Z_PT_CGI_XML_CT_V9;000;N01582866928;N01888925069;000;ELEM;Id;/Document/CstmrCdtTrfInitn/GrpHdr/InitgPty/Id/PrvtId/Othr/Id;/Document/CstmrCdtTrfInitn/GrpHdr/InitgPty/Id/PrvtId/Othr/Id;0000;C;;;;000;000;N2504544D000;;;FPAYP-BUKRS = '2120' AND FPAYHX-UBKNT = '0700006758';ADDED_IN_TREE;ACTIVE;;
PAYM;Z_PT_CGI_XML_CT_V9;000;N01918271392;N01888925069;000;ELEM;Id;/Document/CstmrCdtTrfInitn/GrpHdr/InitgPty/Id/PrvtId/Othr/Id;/Document/CstmrCdtTrfInitn/GrpHdr/InitgPty/Id/PrvtId/Othr/Id;0000;C;;;;000;000;A36868362000;;;FPAYP-BUKRS = '2110' AND FPAYHX-UBKNT = '0200305502';ADDED_IN_TREE;ACTIVE;;
PAYM;Z_PT_CGI_XML_CT_V9;000;N_2946732800;N_7509590460;000;ELEM;Nm;/Document/CstmrCdtTrfInitn/GrpHdr/InitgPty/Nm;/Document/CstmrCdtTrfInitn/GrpHdr/InitgPty/Nm;0000;C;;;;000;000;;;;;REDEFINED_IN_TREE;ACTIVE;;Name by which party is known and which is usually used to identify party
PAYM;Z_PT_CGI_XML_CT_V9;000;N01895519172;N_2946732800;000;ATOM;AUST1;/Document/CstmrCdtTrfInitn/GrpHdr/InitgPty/Nm/:atom:AUST1;/Document/CstmrCdtTrfInitn/GrpHdr/InitgPty/Nm/:atom:AUST1;0000;C;;FPAYHX;AUST1;000;000;;;;FPAYHX-AUST1 <> SPACE;ADDED_IN_TREE;ACTIVE;;
PAYM;Z_PT_CGI_XML_CT_V9;000;N01335752762;N_2946732800;000;ATOM;NAMEZ;/Document/CstmrCdtTrfInitn/GrpHdr/InitgPty/Nm/:atom:NAMEZ;/Document/CstmrCdtTrfInitn/GrpHdr/InitgPty/Nm/:atom:NAMEZ;0000;C;;FPAYHX;NAMEZ;000;000;;;;FPAYHX-AUST1 = SPACE;ADDED_IN_TREE;ACTIVE;;
PAYM;Z_PT_CGI_XML_CT_V9;000;N01011815020;N_4806967320;001;ELEM;MsgId;/Document/CstmrCdtTrfInitn/GrpHdr/MsgId;/Document/CstmrCdtTrfInitn/GrpHdr/MsgId;0035;C;;FPAYHX;RENUM;000;000;;DMEE_EXIT_SEPA_COUNTRIES;;= 'X';ADDED_IN_TREE;ACTIVE;;Point to point reference to unambiguously identify message
PAYM;Z_PT_CGI_XML_CT_V9;000;N_3707409950;N_4806967320;001;ELEM;MsgId;/Document/CstmrCdtTrfInitn/GrpHdr/MsgId;/Document/CstmrCdtTrfInitn/GrpHdr/MsgId;0035;C;;FPAYHX;RENUM;000;000;;;;= SPACE;REDEFINED_IN_TREE;ACTIVE;;Point to point reference to unambiguously identify message
PAYM;Z_PT_CGI_XML_CT_V9;000;N_5383422580;N_4806967320;001;ELEM;NbOfTxs;/Document/CstmrCdtTrfInitn/GrpHdr/NbOfTxs;/Document/CstmrCdtTrfInitn/GrpHdr/NbOfTxs;0008;N;;;;000;000;;;;;INHERITED_FROM_PARENT;ACTIVE;;Number of individual transactions contained in message
PAYM;Z_PT_CGI_XML_CT_V9;000;N_4597540400;N_3041630990;002;ELEM;PmtInf;/Document/CstmrCdtTrfInitn/PmtInf;/Document/CstmrCdtTrfInitn/PmtInf;0000;C;;;;000;000;;;;;INHERITED_FROM_PARENT;ACTIVE;;Set of characteristics that applies to debit side of payment transaction
PAYM;Z_PT_CGI_XML_CT_V9;000;N_6510469780;N_4597540400;002;ELEM;BtchBookg;/Document/CstmrCdtTrfInitn/PmtInf/BtchBookg;/Document/CstmrCdtTrfInitn/PmtInf/BtchBookg;0000;C;;FPAYHX;REF01+110(6);000;000;;;;;INHERITED_FROM_PARENT;ACTIVE;;Identifies whether single or batch entry within group of is requested
PAYM;Z_PT_CGI_XML_CT_V9;000;N_7436948640;N_4597540400;003;ELEM;CdtTrfTxInf;/Document/CstmrCdtTrfInitn/PmtInf/CdtTrfTxInf;/Document/CstmrCdtTrfInitn/PmtInf/CdtTrfTxInf;0000;C;;;;000;000;;;;;INHERITED_FROM_PARENT;ACTIVE;;Provides information on individual transaction(s) included in message
PAYM;Z_PT_CGI_XML_CT_V9;000;N_4239787460;N_7436948640;003;ELEM;Amt;/Document/CstmrCdtTrfInitn/PmtInf/CdtTrfTxInf/Amt;/Document/CstmrCdtTrfInitn/PmtInf/CdtTrfTxInf/Amt;0000;C;;;;000;000;;;;;INHERITED_FROM_PARENT;ACTIVE;;Amount of money to be moved between debtor and creditor, in curr. of init.
PAYM;Z_PT_CGI_XML_CT_V9;000;N_7393847950;N_4239787460;003;ELEM;EqvtAmt;/Document/CstmrCdtTrfInitn/PmtInf/CdtTrfTxInf/Amt/EqvtAmt;/Document/CstmrCdtTrfInitn/PmtInf/CdtTrfTxInf/Amt/EqvtAmt;0000;C;;;;000;000;;;;1 = SPACE;INHERITED_FROM_PARENT;ACTIVE;;Amount of money to be moved between debtor and creditor, in curr. of debtor
PAYM;Z_PT_CGI_XML_CT_V9;000;N_3360618970;N_7393847950;003;ELEM;Amt;/Document/CstmrCdtTrfInitn/PmtInf/CdtTrfTxInf/Amt/EqvtAmt/Amt;/Document/CstmrCdtTrfInitn/PmtInf/CdtTrfTxInf/Amt/EqvtAmt/Amt;0015;C;;FPAYH;RWBTR;000;000;;;;;INHERITED_FROM_PARENT;ACTIVE;;Amount of money to be moved between debtor and creditor, in curr. of debtor
PAYM;Z_PT_CGI_XML_CT_V9;000;N_3017292650;N_3360618970;000;XMAT;Ccy;/Document/CstmrCdtTrfInitn/PmtInf/CdtTrfTxInf/Amt/EqvtAmt/Amt/@Ccy;/Document/CstmrCdtTrfInitn/PmtInf/CdtTrfTxInf/Amt/EqvtAmt/Amt/@Ccy;0000;C;;FPAYH;WAERS;000;000;;;;<> SPACE;INHERITED_FROM_PARENT;ACTIVE;;Medium of exchange of currency
PAYM;Z_PT_CGI_XML_CT_V9;000;N_6812728370;N_7393847950;003;ELEM;CcyOfTrf;/Document/CstmrCdtTrfInitn/PmtInf/CdtTrfTxInf/Amt/EqvtAmt/CcyOfTrf;/Document/CstmrCdtTrfInitn/PmtInf/CdtTrfTxInf/Amt/EqvtAmt/CcyOfTrf;0000;C;;;;000;000;;;;;INHERITED_FROM_PARENT;ACTIVE;;Specifies curr. of amount, which is different from curr. of debtor account
PAYM;Z_PT_CGI_XML_CT_V9;000;N_1935333210;N_4239787460;003;ELEM;InstdAmt;/Document/CstmrCdtTrfInitn/PmtInf/CdtTrfTxInf/Amt/InstdAmt;/Document/CstmrCdtTrfInitn/PmtInf/CdtTrfTxInf/Amt/InstdAmt;0015;P;;FPAYH;RWBTR;000;000;;;;;INHERITED_FROM_PARENT;ACTIVE;;Amount of money to be moved between debtor and creditor, in curr. of init.
PAYM;Z_PT_CGI_XML_CT_V9;000;N_9859993080;N_1935333210;000;XMAT;Ccy;/Document/CstmrCdtTrfInitn/PmtInf/CdtTrfTxInf/Amt/InstdAmt/@Ccy;/Document/CstmrCdtTrfInitn/PmtInf/CdtTrfTxInf/Amt/InstdAmt/@Ccy;0000;C;;FPAYH;WAERS;000;000;;;;;INHERITED_FROM_PARENT;ACTIVE;;Medium of exchange of currency
PAYM;Z_PT_CGI_XML_CT_V9;000;N_4793221430;N_7436948640;003;ELEM;Cdtr;/Document/CstmrCdtTrfInitn/PmtInf/CdtTrfTxInf/Cdtr;/Document/CstmrCdtTrfInitn/PmtInf/CdtTrfTxInf/Cdtr;0000;C;;;;000;000;;;;;INHERITED_FROM_PARENT;ACTIVE;;Party to which amount of money is due
PAYM;Z_PT_CGI_XML_CT_V9;000;N_4963308210;N_4793221430;003;ELEM;CtctDtls;/Document/CstmrCdtTrfInitn/PmtInf/CdtTrfTxInf/Cdtr/CtctDtls;/Document/CstmrCdtTrfInitn/PmtInf/CdtTrfTxInf/Cdtr/CtctDtls;0000;C;;;;000;000;;;;FPAYHX-REF03+0(1) <> 'S';REDEFINED_IN_TREE;ACTIVE;;Set of elements used to indicate how to contact party
PAYM;Z_PT_CGI_XML_CT_V9;000;N_0394118364;N_4963308210;003;ELEM;EmailAdr;/Document/CstmrCdtTrfInitn/PmtInf/CdtTrfTxInf/Cdtr/CtctDtls/EmailAdr;/Document/CstmrCdtTrfInitn/PmtInf/CdtTrfTxInf/Cdtr/CtctDtls/EmailAdr;0000;C;;;;000;000;;;;;INHERITED_FROM_PARENT;ACTIVE;;Address for electronic mail (e-mail)
PAYM;Z_PT_CGI_XML_CT_V9;000;N_5605497760;N_4963308210;003;ELEM;Nm;/Document/CstmrCdtTrfInitn/PmtInf/CdtTrfTxInf/Cdtr/CtctDtls/Nm;/Document/CstmrCdtTrfInitn/PmtInf/CdtTrfTxInf/Cdtr/CtctDtls/Nm;0000;C;;;;000;000;;;;;INHERITED_FROM_PARENT;ACTIVE;;Name by which party is known and which is usually used to identify party
PAYM;Z_PT_CGI_XML_CT_V9;000;N_0559966471;N_4963308210;003;ELEM;Othr;/Document/CstmrCdtTrfInitn/PmtInf/CdtTrfTxInf/Cdtr/CtctDtls/Othr;/Document/CstmrCdtTrfInitn/PmtInf/CdtTrfTxInf/Cdtr/CtctDtls/Othr;0000;C;;;;000;000;;;;;INHERITED_FROM_PARENT;ACTIVE;;Contact details in another form
PAYM;Z_PT_CGI_XML_CT_V9;000;N_0843003270;N_4793221430;003;ELEM;CtryOfRes;/Document/CstmrCdtTrfInitn/PmtInf/CdtTrfTxInf/Cdtr/CtryOfRes;/Document/CstmrCdtTrfInitn/PmtInf/CdtTrfTxInf/Cdtr/CtryOfRes;0000;C;;;;000;000;;;;FPAYHX-REF03+0(1) <> 'S';REDEFINED_IN_TREE;ACTIVE;;Country in/from which person resides, affairs of that company are directed
PAYM;Z_PT_CGI_XML_CT_V9;000;N_2713160450;N_4793221430;003;ELEM;Id;/Document/CstmrCdtTrfInitn/PmtInf/CdtTrfTxInf/Cdtr/Id;/Document/CstmrCdtTrfInitn/PmtInf/CdtTrfTxInf/Cdtr/Id;0000;C;;;;000;000;;;;1 = SPACE;INHERITED_FROM_PARENT;ACTIVE;;Unique and unambiguous identification of party
PAYM;Z_PT_CGI_XML_CT_V9;000;N_8411264470;N_2713160450;003;ELEM;OrgId;/Document/CstmrCdtTrfInitn/PmtInf/CdtTrfTxInf/Cdtr/Id/OrgId;/Document/CstmrCdtTrfInitn/PmtInf/CdtTrfTxInf/Cdtr/Id/OrgId;0000;C;;;;000;000;;;;FPAYH-DORIGIN <> 'HR-PY';INHERITED_FROM_PARENT;ACTIVE;;Unique and unambiguous way to identify organisation
PAYM;Z_PT_CGI_XML_CT_V9;000;N_6509207680;N_8411264470;003;ELEM;AnyBIC;/Document/CstmrCdtTrfInitn/PmtInf/CdtTrfTxInf/Cdtr/Id/OrgId/AnyBIC;/Document/CstmrCdtTrfInitn/PmtInf/CdtTrfTxInf/Cdtr/Id/OrgId/AnyBIC;0000;C;;;;000;000;;;;;INHERITED_FROM_PARENT;ACTIVE;;Business identification code of organisation
PAYM;Z_PT_CGI_XML_CT_V9;000;N_0901723536;N_8411264470;003;ELEM;LEI;/Document/CstmrCdtTrfInitn/PmtInf/CdtTrfTxInf/Cdtr/Id/OrgId/LEI;/Document/CstmrCdtTrfInitn/PmtInf/CdtTrfTxInf/Cdtr/Id/OrgId/LEI;0020;C;;FPAYHX;REF02+90(20);000;000;;;;;INHERITED_FROM_PARENT;ACTIVE;;Legal entity identification from BP, ID number FS0007
PAYM;Z_PT_CGI_XML_CT_V9;000;N_6185782240;N_8411264470;003;ELEM;Othr;/Document/CstmrCdtTrfInitn/PmtInf/CdtTrfTxInf/Cdtr/Id/OrgId/Othr;/Document/CstmrCdtTrfInitn/PmtInf/CdtTrfTxInf/Cdtr/Id/OrgId/Othr;0000;C;;;;000;000;;;;;INHERITED_FROM_PARENT;ACTIVE;;Business identification code of organisation
PAYM;Z_PT_CGI_XML_CT_V9;000;N_9329892140;N_6185782240;003;ELEM;Id;/Document/CstmrCdtTrfInitn/PmtInf/CdtTrfTxInf/Cdtr/Id/OrgId/Othr/Id;/Document/CstmrCdtTrfInitn/PmtInf/CdtTrfTxInf/Cdtr/Id/OrgId/Othr/Id;0000;C;;;;000;000;;;;;INHERITED_FROM_PARENT;ACTIVE;;Identification assigned by institution
PAYM;Z_PT_CGI_XML_CT_V9;000;N_5638228130;N_9329892140;000;ATOM;GPA1R;/Document/CstmrCdtTrfInitn/PmtInf/CdtTrfTxInf/Cdtr/Id/OrgId/Othr/Id/:atom:GPA1R;/Document/CstmrCdtTrfInitn/PmtInf/CdtTrfTxInf/Cdtr/Id/OrgId/Othr/Id/:atom:GPA1R;0000;C;;FPAYH;GPA1R;000;000;;;;FPAYH-GPA1T <> '14' OR FPAYP-GPA2R = SPACE;INHERITED_FROM_PARENT;ACTIVE;;
PAYM;Z_PT_CGI_XML_CT_V9;000;N_1070498780;N_9329892140;000;ATOM;GPA2R;/Document/CstmrCdtTrfInitn/PmtInf/CdtTrfTxInf/Cdtr/Id/OrgId/Othr/Id/:atom:GPA2R;/Document/CstmrCdtTrfInitn/PmtInf/CdtTrfTxInf/Cdtr/Id/OrgId/Othr/Id/:atom:GPA2R;0000;C;;FPAYP;GPA2R;000;000;;;;;INHERITED_FROM_PARENT;ACTIVE;;
PAYM;Z_PT_CGI_XML_CT_V9;000;N_0905170460;N_6185782240;003;ELEM;Issr;/Document/CstmrCdtTrfInitn/PmtInf/CdtTrfTxInf/Cdtr/Id/OrgId/Othr/Issr;/Document/CstmrCdtTrfInitn/PmtInf/CdtTrfTxInf/Cdtr/Id/OrgId/Othr/Issr;0000;C;;;;000;000;;;;;REDEFINED_IN_TREE;DEACTIVATED;;Entity that assigns identification
PAYM;Z_PT_CGI_XML_CT_V9;000;N_8391130540;N_6185782240;003;ELEM;SchmeNm;/Document/CstmrCdtTrfInitn/PmtInf/CdtTrfTxInf/Cdtr/Id/OrgId/Othr/SchmeNm;/Document/CstmrCdtTrfInitn/PmtInf/CdtTrfTxInf/Cdtr/Id/OrgId/Othr/SchmeNm;0000;C;;;;000;000;;;;;REDEFINED_IN_TREE;DEACTIVATED;;Name of identification scheme
PAYM;Z_PT_CGI_XML_CT_V9;000;N_1476068780;N_8391130540;003;ELEM;Cd;/Document/CstmrCdtTrfInitn/PmtInf/CdtTrfTxInf/Cdtr/Id/OrgId/Othr/SchmeNm/Cd;/Document/CstmrCdtTrfInitn/PmtInf/CdtTrfTxInf/Cdtr/Id/OrgId/Othr/SchmeNm/Cd;0004;C;;;;000;000;;;;;INHERITED_FROM_PARENT;ACTIVE;;Name of identification scheme, in free text form
PAYM;Z_PT_CGI_XML_CT_V9;000;N_8877081380;N_2713160450;003;ELEM;PrvtId;/Document/CstmrCdtTrfInitn/PmtInf/CdtTrfTxInf/Cdtr/Id/PrvtId;/Document/CstmrCdtTrfInitn/PmtInf/CdtTrfTxInf/Cdtr/Id/PrvtId;0000;C;;;;000;000;;;;FPAYH-DORIGIN = 'HR-PY';INHERITED_FROM_PARENT;ACTIVE;;Unique and unambiguous identification of person, for example passport
PAYM;Z_PT_CGI_XML_CT_V9;000;N_6453312450;N_8877081380;003;ELEM;DtAndPlcOfBirth;/Document/CstmrCdtTrfInitn/PmtInf/CdtTrfTxInf/Cdtr/Id/PrvtId/DtAndPlcOfBirth;/Document/CstmrCdtTrfInitn/PmtInf/CdtTrfTxInf/Cdtr/Id/PrvtId/DtAndPlcOfBirth;0000;C;;;;000;000;;;;;REDEFINED_IN_TREE;DEACTIVATED;;Date and place of birth of person
PAYM;Z_PT_CGI_XML_CT_V9;000;N_4380827340;N_6453312450;003;ELEM;BirthDt;/Document/CstmrCdtTrfInitn/PmtInf/CdtTrfTxInf/Cdtr/Id/PrvtId/DtAndPlcOfBirth/BirthDt;/Document/CstmrCdtTrfInitn/PmtInf/CdtTrfTxInf/Cdtr/Id/PrvtId/DtAndPlcOfBirth/BirthDt;0000;C;;;;000;000;;;;;INHERITED_FROM_PARENT;ACTIVE;;Date on which person is born
PAYM;Z_PT_CGI_XML_CT_V9;000;N_1549070160;N_6453312450;003;ELEM;CityOfBirth;/Document/CstmrCdtTrfInitn/PmtInf/CdtTrfTxInf/Cdtr/Id/PrvtId/DtAndPlcOfBirth/CityOfBirth;/Document/CstmrCdtTrfInitn/PmtInf/CdtTrfTxInf/Cdtr/Id/PrvtId/DtAndPlcOfBirth/CityOfBirth;0000;C;;;;000;000;;;;;INHERITED_FROM_PARENT;ACTIVE;;City where person was born
PAYM;Z_PT_CGI_XML_CT_V9;000;N_3970424340;N_6453312450;003;ELEM;CtryOfBirth;/Document/CstmrCdtTrfInitn/PmtInf/CdtTrfTxInf/Cdtr/Id/PrvtId/DtAndPlcOfBirth/CtryOfBirth;/Document/CstmrCdtTrfInitn/PmtInf/CdtTrfTxInf/Cdtr/Id/PrvtId/DtAndPlcOfBirth/CtryOfBirth;0000;C;;;;000;000;;;;;INHERITED_FROM_PARENT;ACTIVE;;Country where person was born
PAYM;Z_PT_CGI_XML_CT_V9;000;N_4060735340;N_6453312450;003;ELEM;PrvcOfBirth;/Document/CstmrCdtTrfInitn/PmtInf/CdtTrfTxInf/Cdtr/Id/PrvtId/DtAndPlcOfBirth/PrvcOfBirth;/Document/CstmrCdtTrfInitn/PmtInf/CdtTrfTxInf/Cdtr/Id/PrvtId/DtAndPlcOfBirth/PrvcOfBirth;0000;C;;;;000;000;;;;;INHERITED_FROM_PARENT;ACTIVE;;Province where person was born
PAYM;Z_PT_CGI_XML_CT_V9;000;N_3528012090;N_8877081380;003;ELEM;Othr;/Document/CstmrCdtTrfInitn/PmtInf/CdtTrfTxInf/Cdtr/Id/PrvtId/Othr;/Document/CstmrCdtTrfInitn/PmtInf/CdtTrfTxInf/Cdtr/Id/PrvtId/Othr;0000;C;;;;000;000;;;;;INHERITED_FROM_PARENT;ACTIVE;;Unique identification of person, as assigned by institution
PAYM;Z_PT_CGI_XML_CT_V9;000;N_8741098060;N_3528012090;003;ELEM;Id;/Document/CstmrCdtTrfInitn/PmtInf/CdtTrfTxInf/Cdtr/Id/PrvtId/Othr/Id;/Document/CstmrCdtTrfInitn/PmtInf/CdtTrfTxInf/Cdtr/Id/PrvtId/Othr/Id;0000;C;;FPAYP;SGTXT;000;000;;;;;INHERITED_FROM_PARENT;ACTIVE;;Unique and unambiguous identification of person
PAYM;Z_PT_CGI_XML_CT_V9;000;N_6101556340;N_3528012090;003;ELEM;Issr;/Document/CstmrCdtTrfInitn/PmtInf/CdtTrfTxInf/Cdtr/Id/PrvtId/Othr/Issr;/Document/CstmrCdtTrfInitn/PmtInf/CdtTrfTxInf/Cdtr/Id/PrvtId/Othr/Issr;0000;C;;;;000;000;;;;;REDEFINED_IN_TREE;DEACTIVATED;;Entity that assigns identification
PAYM;Z_PT_CGI_XML_CT_V9;000;N_4639614230;N_3528012090;003;ELEM;SchmeNm;/Document/CstmrCdtTrfInitn/PmtInf/CdtTrfTxInf/Cdtr/Id/PrvtId/Othr/SchmeNm;/Document/CstmrCdtTrfInitn/PmtInf/CdtTrfTxInf/Cdtr/Id/PrvtId/Othr/SchmeNm;0000;C;;;;000;000;;;;;REDEFINED_IN_TREE;DEACTIVATED;;Name of identification scheme
PAYM;Z_PT_CGI_XML_CT_V9;000;N_0677075330;N_4639614230;003;ELEM;Cd;/Document/CstmrCdtTrfInitn/PmtInf/CdtTrfTxInf/Cdtr/Id/PrvtId/Othr/SchmeNm/Cd;/Document/CstmrCdtTrfInitn/PmtInf/CdtTrfTxInf/Cdtr/Id/PrvtId/Othr/SchmeNm/Cd;0000;C;;;;000;000;;;;;INHERITED_FROM_PARENT;ACTIVE;;Name of identification scheme, in coded form as published in external list
PAYM;Z_PT_CGI_XML_CT_V9;000;N_7846482250;N_4639614230;003;ELEM;Prtry;/Document/CstmrCdtTrfInitn/PmtInf/CdtTrfTxInf/Cdtr/Id/PrvtId/Othr/SchmeNm/Prtry;/Document/CstmrCdtTrfInitn/PmtInf/CdtTrfTxInf/Cdtr/Id/PrvtId/Othr/SchmeNm/Prtry;0000;C;;;;000;000;;;;;INHERITED_FROM_PARENT;ACTIVE;;Name of identification scheme, in free text form
PAYM;Z_PT_CGI_XML_CT_V9;000;N_8595392490;N_4793221430;003;ELEM;Nm;/Document/CstmrCdtTrfInitn/PmtInf/CdtTrfTxInf/Cdtr/Nm;/Document/CstmrCdtTrfInitn/PmtInf/CdtTrfTxInf/Cdtr/Nm;0000;C;;FPAYHX;REF10(70);000;000;;;;;INHERITED_FROM_PARENT;ACTIVE;;Name by which party is known and which is usually used to identify party
PAYM;Z_PT_CGI_XML_CT_V9;000;N_8509486340;N_4793221430;003;ELEM;PstlAdr;/Document/CstmrCdtTrfInitn/PmtInf/CdtTrfTxInf/Cdtr/PstlAdr;/Document/CstmrCdtTrfInitn/PmtInf/CdtTrfTxInf/Cdtr/PstlAdr;0000;C;;;;000;000;;;;;INHERITED_FROM_PARENT;ACTIVE;;Information that locates and identifies specific address by postal services
PAYM;Z_PT_CGI_XML_CT_V9;000;N_5960278650;N_8509486340;003;ELEM;AdrLine;/Document/CstmrCdtTrfInitn/PmtInf/CdtTrfTxInf/Cdtr/PstlAdr/AdrLine;/Document/CstmrCdtTrfInitn/PmtInf/CdtTrfTxInf/Cdtr/PstlAdr/AdrLine;0051;C;02;;;000;000;;;;;DEACTIVATED_IN_TREE;DEACTIVATED;;Information that locates and identifies specific address in free format
PAYM;Z_PT_CGI_XML_CT_V9;000;N_7315284480;N_8509486340;003;ELEM;AdrLine;/Document/CstmrCdtTrfInitn/PmtInf/CdtTrfTxInf/Cdtr/PstlAdr/AdrLine;/Document/CstmrCdtTrfInitn/PmtInf/CdtTrfTxInf/Cdtr/PstlAdr/AdrLine;0060;C;;;;000;000;;;;;DEACTIVATED_IN_TREE;DEACTIVATED;;Information that locates and identifies specific address in free format
PAYM;Z_PT_CGI_XML_CT_V9;000;N_0673636917;N_5960278650;000;ATOM;CITY;/Document/CstmrCdtTrfInitn/PmtInf/CdtTrfTxInf/Cdtr/PstlAdr/AdrLine/:atom:CITY;/Document/CstmrCdtTrfInitn/PmtInf/CdtTrfTxInf/Cdtr/PstlAdr/AdrLine/:atom:CITY;0040;C;;FPAYHX;REF11+060;000;000;;;;FPAYH-DORIGIN <> 'HR-PY';INHERITED_FROM_PARENT;ACTIVE;;
PAYM;Z_PT_CGI_XML_CT_V9;000;N_0922210275;N_5960278650;000;ATOM;HRPOSTCODE;/Document/CstmrCdtTrfInitn/PmtInf/CdtTrfTxInf/Cdtr/PstlAdr/AdrLine/:atom:HRPOSTCODE;/Document/CstmrCdtTrfInitn/PmtInf/CdtTrfTxInf/Cdtr/PstlAdr/AdrLine/:atom:HRPOSTCODE;0050;C;;FPAYHX;ZPLOR;000;000;;;;FPAYH-DORIGIN = 'HR-PY';INHERITED_FROM_PARENT;ACTIVE;;
PAYM;Z_PT_CGI_XML_CT_V9;000;N_0048758771;N_7315284480;000;ATOM;HRSTREET;/Document/CstmrCdtTrfInitn/PmtInf/CdtTrfTxInf/Cdtr/PstlAdr/AdrLine/:atom:HRSTREET;/Document/CstmrCdtTrfInitn/PmtInf/CdtTrfTxInf/Cdtr/PstlAdr/AdrLine/:atom:HRSTREET;0060;C;;FPAYHX;ZPFST;000;000;;;;FPAYH-DORIGIN = 'HR-PY';INHERITED_FROM_PARENT;ACTIVE;;
PAYM;Z_PT_CGI_XML_CT_V9;000;N_0795722534;N_5960278650;000;ATOM;POSTCODE;/Document/CstmrCdtTrfInitn/PmtInf/CdtTrfTxInf/Cdtr/PstlAdr/AdrLine/:atom:POSTCODE;/Document/CstmrCdtTrfInitn/PmtInf/CdtTrfTxInf/Cdtr/PstlAdr/AdrLine/:atom:POSTCODE;0010;C;;FPAYHX;REF02+80(10);000;000;;;;FPAYH-DORIGIN <> 'HR-PY';INHERITED_FROM_PARENT;ACTIVE;;
PAYM;Z_PT_CGI_XML_CT_V9;000;N_0684522500;N_7315284480;000;ATOM;STREET;/Document/CstmrCdtTrfInitn/PmtInf/CdtTrfTxInf/Cdtr/PstlAdr/AdrLine/:atom:STREET;/Document/CstmrCdtTrfInitn/PmtInf/CdtTrfTxInf/Cdtr/PstlAdr/AdrLine/:atom:STREET;0060;C;;FPAYHX;REF11;000;000;;;;FPAYH-DORIGIN <> 'HR-PY';INHERITED_FROM_PARENT;ACTIVE;;
PAYM;Z_PT_CGI_XML_CT_V9;000;N_2528565240;N_8509486340;003;ELEM;BldgNb;/Document/CstmrCdtTrfInitn/PmtInf/CdtTrfTxInf/Cdtr/PstlAdr/BldgNb;/Document/CstmrCdtTrfInitn/PmtInf/CdtTrfTxInf/Cdtr/PstlAdr/BldgNb;0000;C;;FPAYHX;REF02+10(10);000;000;;;;;INHERITED_FROM_PARENT;ACTIVE;;Number that identifies position of building on street
PAYM;Z_PT_CGI_XML_CT_V9;000;N_0006720478;N_8509486340;003;ELEM;BldgNm;/Document/CstmrCdtTrfInitn/PmtInf/CdtTrfTxInf/Cdtr/PstlAdr/BldgNm;/Document/CstmrCdtTrfInitn/PmtInf/CdtTrfTxInf/Cdtr/PstlAdr/BldgNm;0000;C;;;;000;000;;;;;REDEFINED_IN_TREE;DEACTIVATED;;Name of the building or house
PAYM;Z_PT_CGI_XML_CT_V9;000;N_6316656750;N_8509486340;003;ELEM;Ctry;/Document/CstmrCdtTrfInitn/PmtInf/CdtTrfTxInf/Cdtr/PstlAdr/Ctry;/Document/CstmrCdtTrfInitn/PmtInf/CdtTrfTxInf/Cdtr/PstlAdr/Ctry;0000;C;;FPAYHX;ZLISO;000;000;;;;FPAYHX-REF10+080(35) <> SPACE;INHERITED_FROM_PARENT;ACTIVE;;Nation with its own government
PAYM;Z_PT_CGI_XML_CT_V9;000;N_1947464630;N_8509486340;003;ELEM;CtrySubDvsn;/Document/CstmrCdtTrfInitn/PmtInf/CdtTrfTxInf/Cdtr/PstlAdr/CtrySubDvsn;/Document/CstmrCdtTrfInitn/PmtInf/CdtTrfTxInf/Cdtr/PstlAdr/CtrySubDvsn;0010;C;;FPAYHX;REF10+120(5);000;000;;;;;REDEFINED_IN_TREE;DEACTIVATED;;Identifies subdivision of country such as state, region, county
PAYM;Z_PT_CGI_XML_CT_V9;000;N_6939603320;N_8509486340;003;ELEM;Dept;/Document/CstmrCdtTrfInitn/PmtInf/CdtTrfTxInf/Cdtr/PstlAdr/Dept;/Document/CstmrCdtTrfInitn/PmtInf/CdtTrfTxInf/Cdtr/PstlAdr/Dept;0000;C;;;;000;000;;;;;REDEFINED_IN_TREE;DEACTIVATED;;Identification of division of large organisation or building
PAYM;Z_PT_CGI_XML_CT_V9;000;N_0897459354;N_8509486340;003;ELEM;DstrctNm;/Document/CstmrCdtTrfInitn/PmtInf/CdtTrfTxInf/Cdtr/PstlAdr/DstrctNm;/Document/CstmrCdtTrfInitn/PmtInf/CdtTrfTxInf/Cdtr/PstlAdr/DstrctNm;0000;C;;;;000;000;;;;;REDEFINED_IN_TREE;DEACTIVATED;;Identifies a subdivision within a country subdivision
PAYM;Z_PT_CGI_XML_CT_V9;000;N_0294886377;N_8509486340;003;ELEM;Flr;/Document/CstmrCdtTrfInitn/PmtInf/CdtTrfTxInf/Cdtr/PstlAdr/Flr;/Document/CstmrCdtTrfInitn/PmtInf/CdtTrfTxInf/Cdtr/PstlAdr/Flr;0000;C;;;;000;000;;;;;REDEFINED_IN_TREE;DEACTIVATED;;Floor or storey within a building
PAYM;Z_PT_CGI_XML_CT_V9;000;N_0148007536;N_8509486340;003;ELEM;PstBx;/Document/CstmrCdtTrfInitn/PmtInf/CdtTrfTxInf/Cdtr/PstlAdr/PstBx;/Document/CstmrCdtTrfInitn/PmtInf/CdtTrfTxInf/Cdtr/PstlAdr/PstBx;0000;C;;;;000;000;;;;;REDEFINED_IN_TREE;DEACTIVATED;;Numbered box in a post office
PAYM;Z_PT_CGI_XML_CT_V9;000;N_4968722050;N_8509486340;003;ELEM;PstCd;/Document/CstmrCdtTrfInitn/PmtInf/CdtTrfTxInf/Cdtr/PstlAdr/PstCd;/Document/CstmrCdtTrfInitn/PmtInf/CdtTrfTxInf/Cdtr/PstlAdr/PstCd;0000;C;;FPAYH;ZPSTL;000;000;;;;;INHERITED_FROM_PARENT;ACTIVE;;Identifier added to postal address to assist sorting of mail
PAYM;Z_PT_CGI_XML_CT_V9;000;N_9081193500;N_4968722050;000;ATOM;CITY;/Document/CstmrCdtTrfInitn/PmtInf/CdtTrfTxInf/Cdtr/PstlAdr/PstCd/:atom:CITY;/Document/CstmrCdtTrfInitn/PmtInf/CdtTrfTxInf/Cdtr/PstlAdr/PstCd/:atom:CITY;0000;C;;FPAYHX;REF02+80(10);000;000;;;;<> 'X';INHERITED_FROM_PARENT;ACTIVE;;
PAYM;Z_PT_CGI_XML_CT_V9;000;N_9962096880;N_4968722050;000;ATOM;POPOB;/Document/CstmrCdtTrfInitn/PmtInf/CdtTrfTxInf/Cdtr/PstlAdr/PstCd/:atom:POPOB;/Document/CstmrCdtTrfInitn/PmtInf/CdtTrfTxInf/Cdtr/PstlAdr/PstCd/:atom:POPOB;0000;C;;FPAYH;ZPST2;000;000;;;;FPAYHX-XSCHK = 'X' OR FPAYH-ZPSTL = SPACE;INHERITED_FROM_PARENT;ACTIVE;;
PAYM;Z_PT_CGI_XML_CT_V9;000;N_0055185326;N_8509486340;003;ELEM;Room;/Document/CstmrCdtTrfInitn/PmtInf/CdtTrfTxInf/Cdtr/PstlAdr/Room;/Document/CstmrCdtTrfInitn/PmtInf/CdtTrfTxInf/Cdtr/PstlAdr/Room;0000;C;;;;000;000;;;;;REDEFINED_IN_TREE;DEACTIVATED;;Building room number
PAYM;Z_PT_CGI_XML_CT_V9;000;N_0177746670;N_8509486340;003;ELEM;StrtNm;/Document/CstmrCdtTrfInitn/PmtInf/CdtTrfTxInf/Cdtr/PstlAdr/StrtNm;/Document/CstmrCdtTrfInitn/PmtInf/CdtTrfTxInf/Cdtr/PstlAdr/StrtNm;0000;C;;FPAYHX;REF02+20(60);000;000;;;;;INHERITED_FROM_PARENT;ACTIVE;;Name of street or thoroughfare
PAYM;Z_PT_CGI_XML_CT_V9;000;N_2242465610;N_8509486340;003;ELEM;SubDept;/Document/CstmrCdtTrfInitn/PmtInf/CdtTrfTxInf/Cdtr/PstlAdr/SubDept;/Document/CstmrCdtTrfInitn/PmtInf/CdtTrfTxInf/Cdtr/PstlAdr/SubDept;0000;C;;;;000;000;;;;;REDEFINED_IN_TREE;DEACTIVATED;;Identification of sub-division of large organisation or building
PAYM;Z_PT_CGI_XML_CT_V9;000;N_0027650369;N_8509486340;003;ELEM;TwnLctnNm;/Document/CstmrCdtTrfInitn/PmtInf/CdtTrfTxInf/Cdtr/PstlAdr/TwnLctnNm;/Document/CstmrCdtTrfInitn/PmtInf/CdtTrfTxInf/Cdtr/PstlAdr/TwnLctnNm;0000;C;;;;000;000;;;;;REDEFINED_IN_TREE;DEACTIVATED;;Specific location name within the town
PAYM;Z_PT_CGI_XML_CT_V9;000;N_3403098730;N_8509486340;003;ELEM;TwnNm;/Document/CstmrCdtTrfInitn/PmtInf/CdtTrfTxInf/Cdtr/PstlAdr/TwnNm;/Document/CstmrCdtTrfInitn/PmtInf/CdtTrfTxInf/Cdtr/PstlAdr/TwnNm;0000;C;;FPAYHX;REF10+080(35);000;000;;;;;INHERITED_FROM_PARENT;ACTIVE;;Name of built-up area, with defined boundaries, and local government
PAYM;Z_PT_CGI_XML_CT_V9;000;N_5604636060;N_7436948640;003;ELEM;CdtrAcct;/Document/CstmrCdtTrfInitn/PmtInf/CdtTrfTxInf/CdtrAcct;/Document/CstmrCdtTrfInitn/PmtInf/CdtTrfTxInf/CdtrAcct;0000;C;;;;000;000;;;;FPAYHX-XSCHK = SPACE;INHERITED_FROM_PARENT;ACTIVE;;Unambiguous identification of account of creditor
PAYM;Z_PT_CGI_XML_CT_V9;000;N_7611102970;N_5604636060;003;ELEM;Id;/Document/CstmrCdtTrfInitn/PmtInf/CdtTrfTxInf/CdtrAcct/Id;/Document/CstmrCdtTrfInitn/PmtInf/CdtTrfTxInf/CdtrAcct/Id;0000;C;;;;000;000;;;;;INHERITED_FROM_PARENT;ACTIVE;;Unique and unambiguous identification for account
PAYM;Z_PT_CGI_XML_CT_V9;000;N_4840785940;N_7611102970;003;ELEM;IBAN;/Document/CstmrCdtTrfInitn/PmtInf/CdtTrfTxInf/CdtrAcct/Id/IBAN;/Document/CstmrCdtTrfInitn/PmtInf/CdtTrfTxInf/CdtrAcct/Id/IBAN;0000;C;;FPAYH;ZIBAN;000;000;;;;;INHERITED_FROM_PARENT;ACTIVE;;International Bank Account Number (IBAN) - identifier used internationally
PAYM;Z_PT_CGI_XML_CT_V9;000;N_9733933120;N_7611102970;003;ELEM;Othr;/Document/CstmrCdtTrfInitn/PmtInf/CdtTrfTxInf/CdtrAcct/Id/Othr;/Document/CstmrCdtTrfInitn/PmtInf/CdtTrfTxInf/CdtrAcct/Id/Othr;0000;C;;;;000;000;;;;FPAYH-ZIBAN = SPACE;INHERITED_FROM_PARENT;ACTIVE;;Unique identification of account using identification scheme
PAYM;Z_PT_CGI_XML_CT_V9;000;N_3432566720;N_9733933120;003;ELEM;Id;/Document/CstmrCdtTrfInitn/PmtInf/CdtTrfTxInf/CdtrAcct/Id/Othr/Id;/Document/CstmrCdtTrfInitn/PmtInf/CdtTrfTxInf/CdtrAcct/Id/Othr/Id;0000;C;;FPAYHX;ZBNKN_EXT;000;000;;;;;INHERITED_FROM_PARENT;ACTIVE;;Identification assigned by institution
PAYM;Z_PT_CGI_XML_CT_V9;000;N_5172764150;N_9733933120;003;ELEM;SchmeNm;/Document/CstmrCdtTrfInitn/PmtInf/CdtTrfTxInf/CdtrAcct/Id/Othr/SchmeNm;/Document/CstmrCdtTrfInitn/PmtInf/CdtTrfTxInf/CdtrAcct/Id/Othr/SchmeNm;0000;C;;;;000;000;;;;;INHERITED_FROM_PARENT;ACTIVE;;Name of identification scheme
PAYM;Z_PT_CGI_XML_CT_V9;000;N_2199993790;N_5172764150;003;ELEM;Cd;/Document/CstmrCdtTrfInitn/PmtInf/CdtTrfTxInf/CdtrAcct/Id/Othr/SchmeNm/Cd;/Document/CstmrCdtTrfInitn/PmtInf/CdtTrfTxInf/CdtrAcct/Id/Othr/SchmeNm/Cd;0000;C;;;;000;000;BBAN;;;;INHERITED_FROM_PARENT;ACTIVE;;Name of identification scheme, in coded form as published in external list
PAYM;Z_PT_CGI_XML_CT_V9;000;N_1782069360;N_5172764150;003;ELEM;Prtry;/Document/CstmrCdtTrfInitn/PmtInf/CdtTrfTxInf/CdtrAcct/Id/Othr/SchmeNm/Prtry;/Document/CstmrCdtTrfInitn/PmtInf/CdtTrfTxInf/CdtrAcct/Id/Othr/SchmeNm/Prtry;0000;C;;;;000;000;;;;;INHERITED_FROM_PARENT;ACTIVE;;Name of identification scheme, in free text form
PAYM;Z_PT_CGI_XML_CT_V9;000;N_7702207180;N_5604636060;003;ELEM;Nm;/Document/CstmrCdtTrfInitn/PmtInf/CdtTrfTxInf/CdtrAcct/Nm;/Document/CstmrCdtTrfInitn/PmtInf/CdtTrfTxInf/CdtrAcct/Nm;0070;C;;FPAYH;KOINH;000;000;;;;FPAYHX-REF03+0(1) <> 'S';REDEFINED_IN_TREE;ACTIVE;;Name of account, as assigned by account servicing institution
PAYM;Z_PT_CGI_XML_CT_V9;000;N_5050147740;N_5604636060;003;ELEM;Tp;/Document/CstmrCdtTrfInitn/PmtInf/CdtTrfTxInf/CdtrAcct/Tp;/Document/CstmrCdtTrfInitn/PmtInf/CdtTrfTxInf/CdtrAcct/Tp;0000;C;;;;000;000;;;;FPAYHX-REF03+0(1) <> 'S';REDEFINED_IN_TREE;ACTIVE;;Specifies nature, or use of account
PAYM;Z_PT_CGI_XML_CT_V9;000;N_9992685140;N_5050147740;003;ELEM;Cd;/Document/CstmrCdtTrfInitn/PmtInf/CdtTrfTxInf/CdtrAcct/Tp/Cd;/Document/CstmrCdtTrfInitn/PmtInf/CdtTrfTxInf/CdtrAcct/Tp/Cd;0000;C;;;;000;000;;;;;INHERITED_FROM_PARENT;ACTIVE;;Account type, in coded form
PAYM;Z_PT_CGI_XML_CT_V9;000;N_9364712000;N_7436948640;003;ELEM;CdtrAgt;/Document/CstmrCdtTrfInitn/PmtInf/CdtTrfTxInf/CdtrAgt;/Document/CstmrCdtTrfInitn/PmtInf/CdtTrfTxInf/CdtrAgt;0000;C;;;;000;000;;;;FPAYHX-REF06+91(1) <> 'X';INHERITED_FROM_PARENT;ACTIVE;;Financial institution servicing account for creditor
PAYM;Z_PT_CGI_XML_CT_V9;000;N_6773061050;N_9364712000;003;ELEM;BrnchId;/Document/CstmrCdtTrfInitn/PmtInf/CdtTrfTxInf/CdtrAgt/BrnchId;/Document/CstmrCdtTrfInitn/PmtInf/CdtTrfTxInf/CdtrAgt/BrnchId;0000;C;;;;000;000;;;;FPAYHX-REF03+0(1) <> 'S';REDEFINED_IN_TREE;ACTIVE;;Identifies specific branch of financial institution
PAYM;Z_PT_CGI_XML_CT_V9;000;N_3781043460;N_6773061050;003;ELEM;Id;/Document/CstmrCdtTrfInitn/PmtInf/CdtTrfTxInf/CdtrAgt/BrnchId/Id;/Document/CstmrCdtTrfInitn/PmtInf/CdtTrfTxInf/CdtrAgt/BrnchId/Id;0035;C;;FPAYH;ZBRCH;000;000;;;;;INHERITED_FROM_PARENT;ACTIVE;;Unique and unambiguous identification of branch of financial institution
PAYM;Z_PT_CGI_XML_CT_V9;000;N_4481427310;N_9364712000;003;ELEM;FinInstnId;/Document/CstmrCdtTrfInitn/PmtInf/CdtTrfTxInf/CdtrAgt/FinInstnId;/Document/CstmrCdtTrfInitn/PmtInf/CdtTrfTxInf/CdtrAgt/FinInstnId;0000;C;;;;000;000;;;;;INHERITED_FROM_PARENT;ACTIVE;;Unique and unambiguous identification of financial institution
PAYM;Z_PT_CGI_XML_CT_V9;000;N_4539298630;N_4481427310;003;ELEM;BICFI;/Document/CstmrCdtTrfInitn/PmtInf/CdtTrfTxInf/CdtrAgt/FinInstnId/BICFI;/Document/CstmrCdtTrfInitn/PmtInf/CdtTrfTxInf/CdtrAgt/FinInstnId/BICFI;0000;C;;FPAYH;ZSWIF;000;000;;;;;INHERITED_FROM_PARENT;ACTIVE;;Code allocated to financial institution - Business Identifier Code
PAYM;Z_PT_CGI_XML_CT_V9;000;N_9336743070;N_4481427310;003;ELEM;ClrSysMmbId;/Document/CstmrCdtTrfInitn/PmtInf/CdtTrfTxInf/CdtrAgt/FinInstnId/ClrSysMmbId;/Document/CstmrCdtTrfInitn/PmtInf/CdtTrfTxInf/CdtrAgt/FinInstnId/ClrSysMmbId;0000;C;;;;000;000;;;;FPAYHX-REF07+110(5) <> SPACE AND FPAYHX-REF03+0(1) <> 'S';INHERITED_FROM_PARENT;ACTIVE;;Information used to identify member within clearing system
PAYM;Z_PT_CGI_XML_CT_V9;000;N_2144934050;N_9336743070;003;ELEM;ClrSysId;/Document/CstmrCdtTrfInitn/PmtInf/CdtTrfTxInf/CdtrAgt/FinInstnId/ClrSysMmbId/ClrSysId;/Document/CstmrCdtTrfInitn/PmtInf/CdtTrfTxInf/CdtrAgt/FinInstnId/ClrSysMmbId/ClrSysId;0000;C;;;;000;000;;;;;INHERITED_FROM_PARENT;ACTIVE;;Specification of pre-agreed offering between clearing agents or channel
PAYM;Z_PT_CGI_XML_CT_V9;000;N_6206548780;N_2144934050;003;ELEM;Cd;/Document/CstmrCdtTrfInitn/PmtInf/CdtTrfTxInf/CdtrAgt/FinInstnId/ClrSysMmbId/ClrSysId/Cd;/Document/CstmrCdtTrfInitn/PmtInf/CdtTrfTxInf/CdtrAgt/FinInstnId/ClrSysMmbId/ClrSysId/Cd;0005;C;;FPAYHX;REF07+110;000;000;;;;;INHERITED_FROM_PARENT;ACTIVE;;Identification of clearing system, in coded form as published in ext. list
PAYM;Z_PT_CGI_XML_CT_V9;000;N_6939111710;N_9336743070;003;ELEM;MmbId;/Document/CstmrCdtTrfInitn/PmtInf/CdtTrfTxInf/CdtrAgt/FinInstnId/ClrSysMmbId/MmbId;/Document/CstmrCdtTrfInitn/PmtInf/CdtTrfTxInf/CdtrAgt/FinInstnId/ClrSysMmbId/MmbId;0000;C;;;;000;000;;;;;INHERITED_FROM_PARENT;ACTIVE;;Identification of member of clearing system
PAYM;Z_PT_CGI_XML_CT_V9;000;N_9156603340;N_6939111710;000;ATOM;BankKey;/Document/CstmrCdtTrfInitn/PmtInf/CdtTrfTxInf/CdtrAgt/FinInstnId/ClrSysMmbId/MmbId/:atom:BankKey;/Document/CstmrCdtTrfInitn/PmtInf/CdtTrfTxInf/CdtrAgt/FinInstnId/ClrSysMmbId/MmbId/:atom:BankKey;0000;C;;FPAYH;ZBNKY;000;000;;;;;INHERITED_FROM_PARENT;ACTIVE;;
PAYM;Z_PT_CGI_XML_CT_V9;000;N_8560480510;N_6939111710;000;ATOM;BankNumber;/Document/CstmrCdtTrfInitn/PmtInf/CdtTrfTxInf/CdtrAgt/FinInstnId/ClrSysMmbId/MmbId/:atom:BankNumber;/Document/CstmrCdtTrfInitn/PmtInf/CdtTrfTxInf/CdtrAgt/FinInstnId/ClrSysMmbId/MmbId/:atom:BankNumber;0000;C;;FPAYH;ZBNKL;000;000;;;;FPAYH-ZBNKL <> SPACE;INHERITED_FROM_PARENT;ACTIVE;;
PAYM;Z_PT_CGI_XML_CT_V9;000;N_8898357010;N_4481427310;003;ELEM;Nm;/Document/CstmrCdtTrfInitn/PmtInf/CdtTrfTxInf/CdtrAgt/FinInstnId/Nm;/Document/CstmrCdtTrfInitn/PmtInf/CdtTrfTxInf/CdtrAgt/FinInstnId/Nm;0000;C;;FPAYHX;REF09(70);000;000;;;;FPAYHX-REF03+0(1) <> 'S';REDEFINED_IN_TREE;ACTIVE;;Name by which agent is known and which is usually used to identify agent
PAYM;Z_PT_CGI_XML_CT_V9;000;N_8324251230;N_4481427310;003;ELEM;PstlAdr;/Document/CstmrCdtTrfInitn/PmtInf/CdtTrfTxInf/CdtrAgt/FinInstnId/PstlAdr;/Document/CstmrCdtTrfInitn/PmtInf/CdtTrfTxInf/CdtrAgt/FinInstnId/PstlAdr;0000;C;;;;000;000;;;;FPAYHX-REF03+0(1) <> 'S';REDEFINED_IN_TREE;ACTIVE;;Information that locates and identifies specific address by postal services
PAYM;Z_PT_CGI_XML_CT_V9;000;N_0733967890;N_8324251230;003;ELEM;AdrLine;/Document/CstmrCdtTrfInitn/PmtInf/CdtTrfTxInf/CdtrAgt/FinInstnId/PstlAdr/AdrLine;/Document/CstmrCdtTrfInitn/PmtInf/CdtTrfTxInf/CdtrAgt/FinInstnId/PstlAdr/AdrLine;0000;C;;FPAYH;ZBORT;000;000;;;;;INHERITED_FROM_PARENT;ACTIVE;;Information that locates and identifies specific address in free format
PAYM;Z_PT_CGI_XML_CT_V9;000;N_6442560060;N_8324251230;003;ELEM;AdrLine;/Document/CstmrCdtTrfInitn/PmtInf/CdtTrfTxInf/CdtrAgt/FinInstnId/PstlAdr/AdrLine;/Document/CstmrCdtTrfInitn/PmtInf/CdtTrfTxInf/CdtrAgt/FinInstnId/PstlAdr/AdrLine;0000;C;;FPAYH;ZBSTR;000;000;;;;;INHERITED_FROM_PARENT;ACTIVE;;Information that locates and identifies specific address in free format
PAYM;Z_PT_CGI_XML_CT_V9;000;N_0431144300;N_8324251230;003;ELEM;Ctry;/Document/CstmrCdtTrfInitn/PmtInf/CdtTrfTxInf/CdtrAgt/FinInstnId/PstlAdr/Ctry;/Document/CstmrCdtTrfInitn/PmtInf/CdtTrfTxInf/CdtrAgt/FinInstnId/PstlAdr/Ctry;0000;C;;FPAYHX;ZBISO;000;000;;;;;INHERITED_FROM_PARENT;ACTIVE;;Nation with its own government
PAYM;Z_PT_CGI_XML_CT_V9;000;N_8005659300;N_7436948640;003;ELEM;CdtrAgtAcct;/Document/CstmrCdtTrfInitn/PmtInf/CdtTrfTxInf/CdtrAgtAcct;/Document/CstmrCdtTrfInitn/PmtInf/CdtTrfTxInf/CdtrAgtAcct;0000;C;;;;000;000;;;;1 = SPACE;REDEFINED_IN_TREE;DEACTIVATED;;Unambiguous identification of account of creditor agent
PAYM;Z_PT_CGI_XML_CT_V9;000;N_8875978650;N_8005659300;003;ELEM;Id;/Document/CstmrCdtTrfInitn/PmtInf/CdtTrfTxInf/CdtrAgtAcct/Id;/Document/CstmrCdtTrfInitn/PmtInf/CdtTrfTxInf/CdtrAgtAcct/Id;0000;C;;;;000;000;;;;;INHERITED_FROM_PARENT;ACTIVE;;Unique and unambiguous identification for acc. between owner and servicer
PAYM;Z_PT_CGI_XML_CT_V9;000;N_2238312840;N_8875978650;003;ELEM;Othr;/Document/CstmrCdtTrfInitn/PmtInf/CdtTrfTxInf/CdtrAgtAcct/Id/Othr;/Document/CstmrCdtTrfInitn/PmtInf/CdtTrfTxInf/CdtrAgtAcct/Id/Othr;0000;C;;;;000;000;;;;;INHERITED_FROM_PARENT;ACTIVE;;Unique identification of account using identification scheme
PAYM;Z_PT_CGI_XML_CT_V9;000;N_0692037170;N_2238312840;003;ELEM;Id;/Document/CstmrCdtTrfInitn/PmtInf/CdtTrfTxInf/CdtrAgtAcct/Id/Othr/Id;/Document/CstmrCdtTrfInitn/PmtInf/CdtTrfTxInf/CdtrAgtAcct/Id/Othr/Id;0000;C;;FPAYH;BKREF;000;000;;;;;INHERITED_FROM_PARENT;ACTIVE;;Identification assigned by institution
PAYM;Z_PT_CGI_XML_CT_V9;000;N_8604116080;N_7436948640;003;ELEM;ChqInstr;/Document/CstmrCdtTrfInitn/PmtInf/CdtTrfTxInf/ChqInstr;/Document/CstmrCdtTrfInitn/PmtInf/CdtTrfTxInf/ChqInstr;0000;C;;;;000;000;;;;FPAYHX-XSCHK = 'X';INHERITED_FROM_PARENT;ACTIVE;;Set of elements needed to issue cheque
PAYM;Z_PT_CGI_XML_CT_V9;000;N_6393847310;N_8604116080;003;ELEM;ChqMtrtyDt;/Document/CstmrCdtTrfInitn/PmtInf/CdtTrfTxInf/ChqInstr/ChqMtrtyDt;/Document/CstmrCdtTrfInitn/PmtInf/CdtTrfTxInf/ChqInstr/ChqMtrtyDt;0010;C;01;;;000;000;;;;= 'DRFT' OR = 'ELDR';INHERITED_FROM_PARENT;ACTIVE;;Date when draft becomes payable and debtor's account is debited
PAYM;Z_PT_CGI_XML_CT_V9;000;N_6587835980;N_6393847310;000;ATOM;-;/Document/CstmrCdtTrfInitn/PmtInf/CdtTrfTxInf/ChqInstr/ChqMtrtyDt/:atom:-;/Document/CstmrCdtTrfInitn/PmtInf/CdtTrfTxInf/ChqInstr/ChqMtrtyDt/:atom:-;0001;C;;;;007;000;-;;;;INHERITED_FROM_PARENT;ACTIVE;;
PAYM;Z_PT_CGI_XML_CT_V9;000;N_8806202430;N_6393847310;000;ATOM;-;/Document/CstmrCdtTrfInitn/PmtInf/CdtTrfTxInf/ChqInstr/ChqMtrtyDt/:atom:-;/Document/CstmrCdtTrfInitn/PmtInf/CdtTrfTxInf/ChqInstr/ChqMtrtyDt/:atom:-;0001;C;;;;004;000;-;;;;INHERITED_FROM_PARENT;ACTIVE;;
PAYM;Z_PT_CGI_XML_CT_V9;000;N_6229290060;N_6393847310;000;ATOM;DD;/Document/CstmrCdtTrfInitn/PmtInf/CdtTrfTxInf/ChqInstr/ChqMtrtyDt/:atom:DD;/Document/CstmrCdtTrfInitn/PmtInf/CdtTrfTxInf/ChqInstr/ChqMtrtyDt/:atom:DD;0002;C;;FPAYH;VALUT+006;008;000;;;;;INHERITED_FROM_PARENT;ACTIVE;;
PAYM;Z_PT_CGI_XML_CT_V9;000;N_7949046920;N_6393847310;000;ATOM;MM;/Document/CstmrCdtTrfInitn/PmtInf/CdtTrfTxInf/ChqInstr/ChqMtrtyDt/:atom:MM;/Document/CstmrCdtTrfInitn/PmtInf/CdtTrfTxInf/ChqInstr/ChqMtrtyDt/:atom:MM;0002;C;;FPAYH;VALUT+004;005;000;;;;;INHERITED_FROM_PARENT;ACTIVE;;
PAYM;Z_PT_CGI_XML_CT_V9;000;N_2317151130;N_6393847310;000;ATOM;YYYY;/Document/CstmrCdtTrfInitn/PmtInf/CdtTrfTxInf/ChqInstr/ChqMtrtyDt/:atom:YYYY;/Document/CstmrCdtTrfInitn/PmtInf/CdtTrfTxInf/ChqInstr/ChqMtrtyDt/:atom:YYYY;0004;C;;FPAYH;VALUT;000;000;;;;;INHERITED_FROM_PARENT;ACTIVE;;
PAYM;Z_PT_CGI_XML_CT_V9;000;N_5044240520;N_8604116080;003;ELEM;ChqNb;/Document/CstmrCdtTrfInitn/PmtInf/CdtTrfTxInf/ChqInstr/ChqNb;/Document/CstmrCdtTrfInitn/PmtInf/CdtTrfTxInf/ChqInstr/ChqNb;0000;C;;FPAYHX;CHECK;000;000;;;;;INHERITED_FROM_PARENT;ACTIVE;;Unique and unambiguous identifier for cheque as assigned by agent
PAYM;Z_PT_CGI_XML_CT_V9;000;N_5615444710;N_8604116080;003;ELEM;ChqTp;/Document/CstmrCdtTrfInitn/PmtInf/CdtTrfTxInf/ChqInstr/ChqTp;/Document/CstmrCdtTrfInitn/PmtInf/CdtTrfTxInf/ChqInstr/ChqTp;0004;C;;FPAYHX;CODE1;000;000;;;;;INHERITED_FROM_PARENT;ACTIVE;;Specifies type of cheque to be issued
PAYM;Z_PT_CGI_XML_CT_V9;000;N_2431133760;N_8604116080;003;ELEM;DlvryMtd;/Document/CstmrCdtTrfInitn/PmtInf/CdtTrfTxInf/ChqInstr/DlvryMtd;/Document/CstmrCdtTrfInitn/PmtInf/CdtTrfTxInf/ChqInstr/DlvryMtd;0004;C;;;;000;000;;;;;INHERITED_FROM_PARENT;ACTIVE;;Specifies delivery method of cheque by debtor's agent
PAYM;Z_PT_CGI_XML_CT_V9;000;N_7733159810;N_2431133760;003;ELEM;Cd;/Document/CstmrCdtTrfInitn/PmtInf/CdtTrfTxInf/ChqInstr/DlvryMtd/Cd;/Document/CstmrCdtTrfInitn/PmtInf/CdtTrfTxInf/ChqInstr/DlvryMtd/Cd;0004;C;;FPAYHX;CODE2;000;000;;;;;INHERITED_FROM_PARENT;ACTIVE;;Specifies delivery method of cheque by debtor's agent
PAYM;Z_PT_CGI_XML_CT_V9;000;N_9387766540;N_2431133760;003;ELEM;Prtry;/Document/CstmrCdtTrfInitn/PmtInf/CdtTrfTxInf/ChqInstr/DlvryMtd/Prtry;/Document/CstmrCdtTrfInitn/PmtInf/CdtTrfTxInf/ChqInstr/DlvryMtd/Prtry;0035;C;;;;000;000;;;;;INHERITED_FROM_PARENT;ACTIVE;;Specifies proprietary delivery method of cheque by debtor's agent
PAYM;Z_PT_CGI_XML_CT_V9;000;N_7449936360;N_8604116080;003;ELEM;FrmsCd;/Document/CstmrCdtTrfInitn/PmtInf/CdtTrfTxInf/ChqInstr/FrmsCd;/Document/CstmrCdtTrfInitn/PmtInf/CdtTrfTxInf/ChqInstr/FrmsCd;0000;C;;;;000;000;;;;;INHERITED_FROM_PARENT;ACTIVE;;Coded form of cheque layout, company logo and digitised signature
PAYM;Z_PT_CGI_XML_CT_V9;000;N_6074940420;N_8604116080;003;ELEM;InstrPrty;/Document/CstmrCdtTrfInitn/PmtInf/CdtTrfTxInf/ChqInstr/InstrPrty;/Document/CstmrCdtTrfInitn/PmtInf/CdtTrfTxInf/ChqInstr/InstrPrty;0000;C;;FPAYHX;DTURG;000;000;;;;;INHERITED_FROM_PARENT;ACTIVE;;Urgency or order of importance to apply to processing of paym. instruction
PAYM;Z_PT_CGI_XML_CT_V9;000;N_8414977410;N_6074940420;000;ATOM;HIGH;/Document/CstmrCdtTrfInitn/PmtInf/CdtTrfTxInf/ChqInstr/InstrPrty/:atom:HIGH;/Document/CstmrCdtTrfInitn/PmtInf/CdtTrfTxInf/ChqInstr/InstrPrty/:atom:HIGH;0000;C;;;;000;000;HIGH;;;FPAYHX-DTKZA = '01' OR FPAYHX-DTURG <> SPACE;INHERITED_FROM_PARENT;ACTIVE;;
PAYM;Z_PT_CGI_XML_CT_V9;000;N_9565064640;N_6074940420;000;ATOM;NORM;/Document/CstmrCdtTrfInitn/PmtInf/CdtTrfTxInf/ChqInstr/InstrPrty/:atom:NORM;/Document/CstmrCdtTrfInitn/PmtInf/CdtTrfTxInf/ChqInstr/InstrPrty/:atom:NORM;0000;C;;;;000;000;NORM;;;;INHERITED_FROM_PARENT;ACTIVE;;
PAYM;Z_PT_CGI_XML_CT_V9;000;N_8166439730;N_8604116080;003;ELEM;PrtLctn;/Document/CstmrCdtTrfInitn/PmtInf/CdtTrfTxInf/ChqInstr/PrtLctn;/Document/CstmrCdtTrfInitn/PmtInf/CdtTrfTxInf/ChqInstr/PrtLctn;0003;C;;;;000;000;;;;;INHERITED_FROM_PARENT;ACTIVE;;Specifies print location of cheque
PAYM;Z_PT_CGI_XML_CT_V9;000;N_3431470260;N_7436948640;003;ELEM;ChrgBr;/Document/CstmrCdtTrfInitn/PmtInf/CdtTrfTxInf/ChrgBr;/Document/CstmrCdtTrfInitn/PmtInf/CdtTrfTxInf/ChrgBr;0000;C;;;;000;000;;;;FPAYHX-REF03+0(1) = 'N';INHERITED_FROM_PARENT;ACTIVE;;Specifies which party/parties will bear to transaction associated charges
PAYM;Z_PT_CGI_XML_CT_V9;000;N_6375516030;N_3431470260;000;ATOM;CRED;/Document/CstmrCdtTrfInitn/PmtInf/CdtTrfTxInf/ChrgBr/:atom:CRED;/Document/CstmrCdtTrfInitn/PmtInf/CdtTrfTxInf/ChrgBr/:atom:CRED;0000;C;;;;000;000;CRED;;;FPAYHX-DTKVS = '02';INHERITED_FROM_PARENT;ACTIVE;;
PAYM;Z_PT_CGI_XML_CT_V9;000;N_8042917280;N_3431470260;000;ATOM;DEBT;/Document/CstmrCdtTrfInitn/PmtInf/CdtTrfTxInf/ChrgBr/:atom:DEBT;/Document/CstmrCdtTrfInitn/PmtInf/CdtTrfTxInf/ChrgBr/:atom:DEBT;0000;C;;;;000;000;DEBT;;;FPAYHX-DTKVS = '01';INHERITED_FROM_PARENT;ACTIVE;;
PAYM;Z_PT_CGI_XML_CT_V9;000;N_1379593810;N_3431470260;000;ATOM;SHAR;/Document/CstmrCdtTrfInitn/PmtInf/CdtTrfTxInf/ChrgBr/:atom:SHAR;/Document/CstmrCdtTrfInitn/PmtInf/CdtTrfTxInf/ChrgBr/:atom:SHAR;0000;C;;;;000;000;SHAR;;;FPAYHX-DTKVS = '00';INHERITED_FROM_PARENT;ACTIVE;;
PAYM;Z_PT_CGI_XML_CT_V9;000;N_0557005772;N_7436948640;003;ELEM;InstrForCdtrAgt;/Document/CstmrCdtTrfInitn/PmtInf/CdtTrfTxInf/InstrForCdtrAgt;/Document/CstmrCdtTrfInitn/PmtInf/CdtTrfTxInf/InstrForCdtrAgt;0000;C;;;;000;000;;;;;REDEFINED_IN_TREE;DEACTIVATED;;Further information provided by init. party and intended for creditor agent
PAYM;Z_PT_CGI_XML_CT_V9;000;N_9506229690;N_7436948640;003;ELEM;InstrForCdtrAgt;/Document/CstmrCdtTrfInitn/PmtInf/CdtTrfTxInf/InstrForCdtrAgt;/Document/CstmrCdtTrfInitn/PmtInf/CdtTrfTxInf/InstrForCdtrAgt;0000;C;;;;000;000;;;;FPAYHX-REF03+0(1) <> 'S';INHERITED_FROM_PARENT;ACTIVE;;Further information provided by init. party and intended for creditor agent
PAYM;Z_PT_CGI_XML_CT_V9;000;N_0045423401;N_0557005772;003;ELEM;Cd;/Document/CstmrCdtTrfInitn/PmtInf/CdtTrfTxInf/InstrForCdtrAgt/Cd;/Document/CstmrCdtTrfInitn/PmtInf/CdtTrfTxInf/InstrForCdtrAgt/Cd;0000;C;;;;000;000;;;;;INHERITED_FROM_PARENT;ACTIVE;;Coded information provided by init. party and intended for creditor agent
PAYM;Z_PT_CGI_XML_CT_V9;000;N_8763946530;N_9506229690;003;ELEM;Cd;/Document/CstmrCdtTrfInitn/PmtInf/CdtTrfTxInf/InstrForCdtrAgt/Cd;/Document/CstmrCdtTrfInitn/PmtInf/CdtTrfTxInf/InstrForCdtrAgt/Cd;0000;C;;;;000;000;;;;;INHERITED_FROM_PARENT;ACTIVE;;Coded information provided by init. party and intended for creditor agent
PAYM;Z_PT_CGI_XML_CT_V9;000;N_0040298665;N_0557005772;003;ELEM;InstrInf;/Document/CstmrCdtTrfInitn/PmtInf/CdtTrfTxInf/InstrForCdtrAgt/InstrInf;/Document/CstmrCdtTrfInitn/PmtInf/CdtTrfTxInf/InstrForCdtrAgt/InstrInf;0000;C;;FPAYH;UETR;000;000;;;;;INHERITED_FROM_PARENT;ACTIVE;;Further information to creditor's agent that is bilaterally agreed
PAYM;Z_PT_CGI_XML_CT_V9;000;N_2364784940;N_9506229690;003;ELEM;InstrInf;/Document/CstmrCdtTrfInitn/PmtInf/CdtTrfTxInf/InstrForCdtrAgt/InstrInf;/Document/CstmrCdtTrfInitn/PmtInf/CdtTrfTxInf/InstrForCdtrAgt/InstrInf;0000;C;;FPAYP;SGTXT;000;000;;;;;INHERITED_FROM_PARENT;ACTIVE;;Further information to creditor's agent that is bilaterally agreed
PAYM;Z_PT_CGI_XML_CT_V9;000;N_2391256760;N_7436948640;003;ELEM;InstrForDbtrAgt;/Document/CstmrCdtTrfInitn/PmtInf/CdtTrfTxInf/InstrForDbtrAgt;/Document/CstmrCdtTrfInitn/PmtInf/CdtTrfTxInf/InstrForDbtrAgt;0000;C;;;;000;000;;;;FPAYHX-REF03+0(1) <> 'S';INHERITED_FROM_PARENT;ACTIVE;;Further information that may need to be acted upon by debtor agent
PAYM;Z_PT_CGI_XML_CT_V9;000;N_1400348040;N_7436948640;003;ELEM;IntrmyAgt1;/Document/CstmrCdtTrfInitn/PmtInf/CdtTrfTxInf/IntrmyAgt1;/Document/CstmrCdtTrfInitn/PmtInf/CdtTrfTxInf/IntrmyAgt1;0000;C;;;;000;000;;;;FPAYHX-REF03+0(1) <> 'S';INHERITED_FROM_PARENT;ACTIVE;;Agent between debtor's agent and creditor's agent.
PAYM;Z_PT_CGI_XML_CT_V9;000;N_0222886260;N_1400348040;003;ELEM;BrnchId;/Document/CstmrCdtTrfInitn/PmtInf/CdtTrfTxInf/IntrmyAgt1/BrnchId;/Document/CstmrCdtTrfInitn/PmtInf/CdtTrfTxInf/IntrmyAgt1/BrnchId;0000;C;;;;000;000;;;;;INHERITED_FROM_PARENT;ACTIVE;;Identifies specific branch of financial institution
PAYM;Z_PT_CGI_XML_CT_V9;000;N_0468381270;N_0222886260;003;ELEM;Id;/Document/CstmrCdtTrfInitn/PmtInf/CdtTrfTxInf/IntrmyAgt1/BrnchId/Id;/Document/CstmrCdtTrfInitn/PmtInf/CdtTrfTxInf/IntrmyAgt1/BrnchId/Id;0000;C;;;;000;000;;;;;INHERITED_FROM_PARENT;ACTIVE;;Unique and unambiguous identification of branch of financial institution
PAYM;Z_PT_CGI_XML_CT_V9;000;N_4823207860;N_1400348040;003;ELEM;FinInstnId;/Document/CstmrCdtTrfInitn/PmtInf/CdtTrfTxInf/IntrmyAgt1/FinInstnId;/Document/CstmrCdtTrfInitn/PmtInf/CdtTrfTxInf/IntrmyAgt1/FinInstnId;0000;C;;;;000;000;;;;;INHERITED_FROM_PARENT;ACTIVE;;Unique and unambiguous identification of financial institution
PAYM;Z_PT_CGI_XML_CT_V9;000;N_6711707780;N_4823207860;003;ELEM;BICFI;/Document/CstmrCdtTrfInitn/PmtInf/CdtTrfTxInf/IntrmyAgt1/FinInstnId/BICFI;/Document/CstmrCdtTrfInitn/PmtInf/CdtTrfTxInf/IntrmyAgt1/FinInstnId/BICFI;0000;C;;FPAYH;BSWIFT1;000;000;;;;;INHERITED_FROM_PARENT;ACTIVE;;Code allocated to financial institution - Business Identifier Code
PAYM;Z_PT_CGI_XML_CT_V9;000;N_4645060340;N_4823207860;003;ELEM;ClrSysMmbId;/Document/CstmrCdtTrfInitn/PmtInf/CdtTrfTxInf/IntrmyAgt1/FinInstnId/ClrSysMmbId;/Document/CstmrCdtTrfInitn/PmtInf/CdtTrfTxInf/IntrmyAgt1/FinInstnId/ClrSysMmbId;0000;C;;;;000;000;;;;FPAYH-BSWIFT1 = SPACE;INHERITED_FROM_PARENT;ACTIVE;;Information used to identify member within clearing system
PAYM;Z_PT_CGI_XML_CT_V9;000;N_7205343030;N_4645060340;003;ELEM;MmbId;/Document/CstmrCdtTrfInitn/PmtInf/CdtTrfTxInf/IntrmyAgt1/FinInstnId/ClrSysMmbId/MmbId;/Document/CstmrCdtTrfInitn/PmtInf/CdtTrfTxInf/IntrmyAgt1/FinInstnId/ClrSysMmbId/MmbId;0000;C;;FPAYHX;BECSIC1_EXT;000;000;;;;;INHERITED_FROM_PARENT;ACTIVE;;Specification of pre-agreed offering between clearing agents or channel
PAYM;Z_PT_CGI_XML_CT_V9;000;N_6791100460;N_4823207860;003;ELEM;PstlAdr;/Document/CstmrCdtTrfInitn/PmtInf/CdtTrfTxInf/IntrmyAgt1/FinInstnId/PstlAdr;/Document/CstmrCdtTrfInitn/PmtInf/CdtTrfTxInf/IntrmyAgt1/FinInstnId/PstlAdr;0000;C;;;;000;000;;;;;INHERITED_FROM_PARENT;ACTIVE;;Information that locates and identifies specific address by postal services
PAYM;Z_PT_CGI_XML_CT_V9;000;N_7851595420;N_6791100460;003;ELEM;Ctry;/Document/CstmrCdtTrfInitn/PmtInf/CdtTrfTxInf/IntrmyAgt1/FinInstnId/PstlAdr/Ctry;/Document/CstmrCdtTrfInitn/PmtInf/CdtTrfTxInf/IntrmyAgt1/FinInstnId/PstlAdr/Ctry;0000;C;;FPAYH;BNKS1;000;000;;;;;INHERITED_FROM_PARENT;ACTIVE;;Nation with its own government
PAYM;Z_PT_CGI_XML_CT_V9;000;N_0761063976;N_7436948640;003;ELEM;IntrmyAgt1Acct;/Document/CstmrCdtTrfInitn/PmtInf/CdtTrfTxInf/IntrmyAgt1Acct;/Document/CstmrCdtTrfInitn/PmtInf/CdtTrfTxInf/IntrmyAgt1Acct;0000;C;;;;000;000;;;;FPAYHX-REF03+0(1) <> 'S';INHERITED_FROM_PARENT;ACTIVE;;Unambiguous identification of account of intermediary agent 1 in chain
PAYM;Z_PT_CGI_XML_CT_V9;000;N_0927507515;N_0761063976;003;ELEM;Ccy;/Document/CstmrCdtTrfInitn/PmtInf/CdtTrfTxInf/IntrmyAgt1Acct/Ccy;/Document/CstmrCdtTrfInitn/PmtInf/CdtTrfTxInf/IntrmyAgt1Acct/Ccy;0000;C;;;;000;000;;;;;INHERITED_FROM_PARENT;ACTIVE;;Identification of currency in which account is held
PAYM;Z_PT_CGI_XML_CT_V9;000;N_0366569116;N_0761063976;003;ELEM;Id;/Document/CstmrCdtTrfInitn/PmtInf/CdtTrfTxInf/IntrmyAgt1Acct/Id;/Document/CstmrCdtTrfInitn/PmtInf/CdtTrfTxInf/IntrmyAgt1Acct/Id;0000;C;;;;000;000;;;;;INHERITED_FROM_PARENT;ACTIVE;;Unique and unambiguous identification for account
PAYM;Z_PT_CGI_XML_CT_V9;000;N_0205468846;N_0366569116;003;ELEM;IBAN;/Document/CstmrCdtTrfInitn/PmtInf/CdtTrfTxInf/IntrmyAgt1Acct/Id/IBAN;/Document/CstmrCdtTrfInitn/PmtInf/CdtTrfTxInf/IntrmyAgt1Acct/Id/IBAN;0000;C;;FPAYH;IBAN1;000;000;;;;;INHERITED_FROM_PARENT;ACTIVE;;International Bank Account Number (IBAN) - identifier used internationally
PAYM;Z_PT_CGI_XML_CT_V9;000;N_0258790280;N_0366569116;003;ELEM;Othr;/Document/CstmrCdtTrfInitn/PmtInf/CdtTrfTxInf/IntrmyAgt1Acct/Id/Othr;/Document/CstmrCdtTrfInitn/PmtInf/CdtTrfTxInf/IntrmyAgt1Acct/Id/Othr;0000;C;;;;000;000;;;;;INHERITED_FROM_PARENT;ACTIVE;;Unique identification of account using identification scheme
PAYM;Z_PT_CGI_XML_CT_V9;000;N_0844585349;N_0258790280;003;ELEM;Id;/Document/CstmrCdtTrfInitn/PmtInf/CdtTrfTxInf/IntrmyAgt1Acct/Id/Othr/Id;/Document/CstmrCdtTrfInitn/PmtInf/CdtTrfTxInf/IntrmyAgt1Acct/Id/Othr/Id;0000;C;;FPAYH;BNKN1;000;000;;;;FPAYH-IBAN1 = SPACE;INHERITED_FROM_PARENT;ACTIVE;;Identification assigned by institution
PAYM;Z_PT_CGI_XML_CT_V9;000;N_0679746614;N_0258790280;003;ELEM;Issr;/Document/CstmrCdtTrfInitn/PmtInf/CdtTrfTxInf/IntrmyAgt1Acct/Id/Othr/Issr;/Document/CstmrCdtTrfInitn/PmtInf/CdtTrfTxInf/IntrmyAgt1Acct/Id/Othr/Issr;0000;C;;;;000;000;;;;;INHERITED_FROM_PARENT;ACTIVE;;Entity that assigns identification
PAYM;Z_PT_CGI_XML_CT_V9;000;N_0438547418;N_0258790280;003;ELEM;SchmeNm;/Document/CstmrCdtTrfInitn/PmtInf/CdtTrfTxInf/IntrmyAgt1Acct/Id/Othr/SchmeNm;/Document/CstmrCdtTrfInitn/PmtInf/CdtTrfTxInf/IntrmyAgt1Acct/Id/Othr/SchmeNm;0000;C;;;;000;000;;;;;INHERITED_FROM_PARENT;ACTIVE;;Name of identification scheme
PAYM;Z_PT_CGI_XML_CT_V9;000;N_0626810888;N_0438547418;003;ELEM;Cd;/Document/CstmrCdtTrfInitn/PmtInf/CdtTrfTxInf/IntrmyAgt1Acct/Id/Othr/SchmeNm/Cd;/Document/CstmrCdtTrfInitn/PmtInf/CdtTrfTxInf/IntrmyAgt1Acct/Id/Othr/SchmeNm/Cd;0000;C;;;;000;000;;;;;INHERITED_FROM_PARENT;ACTIVE;;Name of identification scheme, in coded form as published in external list
PAYM;Z_PT_CGI_XML_CT_V9;000;N_0999530406;N_0438547418;003;ELEM;Prtry;/Document/CstmrCdtTrfInitn/PmtInf/CdtTrfTxInf/IntrmyAgt1Acct/Id/Othr/SchmeNm/Prtry;/Document/CstmrCdtTrfInitn/PmtInf/CdtTrfTxInf/IntrmyAgt1Acct/Id/Othr/SchmeNm/Prtry;0000;C;;;;000;000;;;;;INHERITED_FROM_PARENT;ACTIVE;;Name of identification scheme, in free text form
PAYM;Z_PT_CGI_XML_CT_V9;000;N_0183224406;N_0761063976;003;ELEM;Nm;/Document/CstmrCdtTrfInitn/PmtInf/CdtTrfTxInf/IntrmyAgt1Acct/Nm;/Document/CstmrCdtTrfInitn/PmtInf/CdtTrfTxInf/IntrmyAgt1Acct/Nm;0000;C;;;;000;000;;;;;INHERITED_FROM_PARENT;ACTIVE;;Name of account, as assigned by account servicing institution
PAYM;Z_PT_CGI_XML_CT_V9;000;N_0468045461;N_0761063976;003;ELEM;Tp;/Document/CstmrCdtTrfInitn/PmtInf/CdtTrfTxInf/IntrmyAgt1Acct/Tp;/Document/CstmrCdtTrfInitn/PmtInf/CdtTrfTxInf/IntrmyAgt1Acct/Tp;0000;C;;;;000;000;;;;;INHERITED_FROM_PARENT;ACTIVE;;Specifies nature, or use of account
PAYM;Z_PT_CGI_XML_CT_V9;000;N_0185723150;N_0468045461;003;ELEM;Cd;/Document/CstmrCdtTrfInitn/PmtInf/CdtTrfTxInf/IntrmyAgt1Acct/Tp/Cd;/Document/CstmrCdtTrfInitn/PmtInf/CdtTrfTxInf/IntrmyAgt1Acct/Tp/Cd;0000;C;;;;000;000;;;;;INHERITED_FROM_PARENT;ACTIVE;;Account type, in coded form
PAYM;Z_PT_CGI_XML_CT_V9;000;N_0353712508;N_0468045461;003;ELEM;Prtry;/Document/CstmrCdtTrfInitn/PmtInf/CdtTrfTxInf/IntrmyAgt1Acct/Tp/Prtry;/Document/CstmrCdtTrfInitn/PmtInf/CdtTrfTxInf/IntrmyAgt1Acct/Tp/Prtry;0000;C;;;;000;000;;;;;INHERITED_FROM_PARENT;ACTIVE;;Nature or use of account in proprietary form
PAYM;Z_PT_CGI_XML_CT_V9;000;N_4079937520;N_7436948640;003;ELEM;PmtId;/Document/CstmrCdtTrfInitn/PmtInf/CdtTrfTxInf/PmtId;/Document/CstmrCdtTrfInitn/PmtInf/CdtTrfTxInf/PmtId;0000;C;;;;000;000;;;;;INHERITED_FROM_PARENT;ACTIVE;;Set of elements used to reference payment instruction.
PAYM;Z_PT_CGI_XML_CT_V9;000;N_5064296230;N_4079937520;003;ELEM;EndToEndId;/Document/CstmrCdtTrfInitn/PmtInf/CdtTrfTxInf/PmtId/EndToEndId;/Document/CstmrCdtTrfInitn/PmtInf/CdtTrfTxInf/PmtId/EndToEndId;0000;C;;;;000;000;;;;;INHERITED_FROM_PARENT;ACTIVE;;Unique identification to unambiguously identify transaction - unchanged
PAYM;Z_PT_CGI_XML_CT_V9;000;N_4982992620;N_5064296230;000;ATOM;NOTPROVIDED;/Document/CstmrCdtTrfInitn/PmtInf/CdtTrfTxInf/PmtId/EndToEndId/:atom:NOTPROVIDED;/Document/CstmrCdtTrfInitn/PmtInf/CdtTrfTxInf/PmtId/EndToEndId/:atom:NOTPROVIDED;0012;C;;;;000;000;NOTPROVIDED;;;= SPACE;INHERITED_FROM_PARENT;ACTIVE;;
PAYM;Z_PT_CGI_XML_CT_V9;000;N_2200338530;N_5064296230;000;ATOM;PAYD2;/Document/CstmrCdtTrfInitn/PmtInf/CdtTrfTxInf/PmtId/EndToEndId/:atom:PAYD2;/Document/CstmrCdtTrfInitn/PmtInf/CdtTrfTxInf/PmtId/EndToEndId/:atom:PAYD2;0035;C;;DMEE_PAYD;TEXT;000;000;;;;;INHERITED_FROM_PARENT;ACTIVE;;
PAYM;Z_PT_CGI_XML_CT_V9;000;N_3874906240;N_4079937520;003;ELEM;InstrId;/Document/CstmrCdtTrfInitn/PmtInf/CdtTrfTxInf/PmtId/InstrId;/Document/CstmrCdtTrfInitn/PmtInf/CdtTrfTxInf/PmtId/InstrId;0030;C;;FPAYHX;INSTRID;000;000;;;;FPAYHX-REF03+0(1) <> 'S';REDEFINED_IN_TREE;ACTIVE;;Unique identification to unambiguously identify instruction
PAYM;Z_PT_CGI_XML_CT_V9;000;N_0543392120;N_4079937520;003;ELEM;UETR;/Document/CstmrCdtTrfInitn/PmtInf/CdtTrfTxInf/PmtId/UETR;/Document/CstmrCdtTrfInitn/PmtInf/CdtTrfTxInf/PmtId/UETR;0000;C;;FPAYH;UETR;000;000;;;;FPM_CGI-UETR_SWITCH <> SPACE AND FPAYH-UETR <> SPACE;REDEFINED_IN_TREE;DEACTIVATED;;
PAYM;Z_PT_CGI_XML_CT_V9;000;N_0386175880;N_7436948640;003;ELEM;PmtTpInf;/Document/CstmrCdtTrfInitn/PmtInf/CdtTrfTxInf/PmtTpInf;/Document/CstmrCdtTrfInitn/PmtInf/CdtTrfTxInf/PmtTpInf;0000;C;;;;000;000;;;;FPAYHX-REF03+0(1) <> 'S' AND FPAYHX-XSCHK <> 'X';INHERITED_FROM_PARENT;ACTIVE;;Set of elements used to further specify type of transaction
PAYM;Z_PT_CGI_XML_CT_V9;000;N_7877104190;N_0386175880;003;ELEM;CtgyPurp;/Document/CstmrCdtTrfInitn/PmtInf/CdtTrfTxInf/PmtTpInf/CtgyPurp;/Document/CstmrCdtTrfInitn/PmtInf/CdtTrfTxInf/PmtTpInf/CtgyPurp;0000;C;;;;000;000;;;;;INHERITED_FROM_PARENT;ACTIVE;;Specifies high level purpose of instruction based on set of categories
PAYM;Z_PT_CGI_XML_CT_V9;000;N_6988727120;N_7877104190;003;ELEM;Cd;/Document/CstmrCdtTrfInitn/PmtInf/CdtTrfTxInf/PmtTpInf/CtgyPurp/Cd;/Document/CstmrCdtTrfInitn/PmtInf/CdtTrfTxInf/PmtTpInf/CtgyPurp/Cd;0004;C;;FPAYHX;REF06+079;000;000;;;;;INHERITED_FROM_PARENT;ACTIVE;;Category purpose, as published in external category purpose code list
PAYM;Z_PT_CGI_XML_CT_V9;000;N_0081587289;N_6988727120;000;ATOM;CODE2;/Document/CstmrCdtTrfInitn/PmtInf/CdtTrfTxInf/PmtTpInf/CtgyPurp/Cd/:atom:CODE2;/Document/CstmrCdtTrfInitn/PmtInf/CdtTrfTxInf/PmtTpInf/CtgyPurp/Cd/:atom:CODE2;0000;C;;FPAYHX;CODE2;000;000;;;;FPAYH-DORIGIN <> 'HR-PY';INHERITED_FROM_PARENT;ACTIVE;;
PAYM;Z_PT_CGI_XML_CT_V9;000;N_0119167347;N_6988727120;000;ATOM;HR_CODE;/Document/CstmrCdtTrfInitn/PmtInf/CdtTrfTxInf/PmtTpInf/CtgyPurp/Cd/:atom:HR_CODE;/Document/CstmrCdtTrfInitn/PmtInf/CdtTrfTxInf/PmtTpInf/CtgyPurp/Cd/:atom:HR_CODE;0000;C;;FPAYH;PURP_CODE;000;000;;;;FPAYH-DORIGIN = 'HR-PY';INHERITED_FROM_PARENT;ACTIVE;;
PAYM;Z_PT_CGI_XML_CT_V9;000;N_8323416300;N_7877104190;003;ELEM;Prtry;/Document/CstmrCdtTrfInitn/PmtInf/CdtTrfTxInf/PmtTpInf/CtgyPurp/Prtry;/Document/CstmrCdtTrfInitn/PmtInf/CdtTrfTxInf/PmtTpInf/CtgyPurp/Prtry;0035;C;;;;000;000;;;;;INHERITED_FROM_PARENT;ACTIVE;;Category purpose, in proprietary form
PAYM;Z_PT_CGI_XML_CT_V9;000;N_0022976600;N_0386175880;003;ELEM;InstrPrty;/Document/CstmrCdtTrfInitn/PmtInf/CdtTrfTxInf/PmtTpInf/InstrPrty;/Document/CstmrCdtTrfInitn/PmtInf/CdtTrfTxInf/PmtTpInf/InstrPrty;0000;C;;FPAYHX;DTURG;000;000;;;;;INHERITED_FROM_PARENT;ACTIVE;;Indicator of urgency or order of importance of processing of instruction
PAYM;Z_PT_CGI_XML_CT_V9;000;N_3780541170;N_0022976600;000;ATOM;HIGH;/Document/CstmrCdtTrfInitn/PmtInf/CdtTrfTxInf/PmtTpInf/InstrPrty/:atom:HIGH;/Document/CstmrCdtTrfInitn/PmtInf/CdtTrfTxInf/PmtTpInf/InstrPrty/:atom:HIGH;0000;C;;;;000;000;HIGH;;;FPAYHX-DTKZA = '01' OR FPAYHX-DTURG <> SPACE;INHERITED_FROM_PARENT;ACTIVE;;
PAYM;Z_PT_CGI_XML_CT_V9;000;N_4201182960;N_0022976600;000;ATOM;NORM;/Document/CstmrCdtTrfInitn/PmtInf/CdtTrfTxInf/PmtTpInf/InstrPrty/:atom:NORM;/Document/CstmrCdtTrfInitn/PmtInf/CdtTrfTxInf/PmtTpInf/InstrPrty/:atom:NORM;0000;C;;;;000;000;NORM;;;FPAYHX-DTKZA = '00';INHERITED_FROM_PARENT;ACTIVE;;
PAYM;Z_PT_CGI_XML_CT_V9;000;N_1131109450;N_0386175880;003;ELEM;LclInstrm;/Document/CstmrCdtTrfInitn/PmtInf/CdtTrfTxInf/PmtTpInf/LclInstrm;/Document/CstmrCdtTrfInitn/PmtInf/CdtTrfTxInf/PmtTpInf/LclInstrm;0000;C;;;;000;000;;;;;INHERITED_FROM_PARENT;ACTIVE;;User community specific instrument
PAYM;Z_PT_CGI_XML_CT_V9;000;N_4797314670;N_1131109450;003;ELEM;Cd;/Document/CstmrCdtTrfInitn/PmtInf/CdtTrfTxInf/PmtTpInf/LclInstrm/Cd;/Document/CstmrCdtTrfInitn/PmtInf/CdtTrfTxInf/PmtTpInf/LclInstrm/Cd;0035;C;;;;000;000;;;;;INHERITED_FROM_PARENT;ACTIVE;;Specifies local instrument, as published in ext. local instrument code list
PAYM;Z_PT_CGI_XML_CT_V9;000;N_4074350710;N_1131109450;003;ELEM;Prtry;/Document/CstmrCdtTrfInitn/PmtInf/CdtTrfTxInf/PmtTpInf/LclInstrm/Prtry;/Document/CstmrCdtTrfInitn/PmtInf/CdtTrfTxInf/PmtTpInf/LclInstrm/Prtry;0035;C;;;;000;000;;;;;INHERITED_FROM_PARENT;ACTIVE;;Specifies local instrument, as proprietary code
PAYM;Z_PT_CGI_XML_CT_V9;000;N_6348225970;N_0386175880;003;ELEM;SvcLvl;/Document/CstmrCdtTrfInitn/PmtInf/CdtTrfTxInf/PmtTpInf/SvcLvl;/Document/CstmrCdtTrfInitn/PmtInf/CdtTrfTxInf/PmtTpInf/SvcLvl;0000;C;;;;000;000;;;;;INHERITED_FROM_PARENT;ACTIVE;;Agreement under which or rules under which transaction should be processed
PAYM;Z_PT_CGI_XML_CT_V9;000;N_1955869580;N_6348225970;003;ELEM;Cd;/Document/CstmrCdtTrfInitn/PmtInf/CdtTrfTxInf/PmtTpInf/SvcLvl/Cd;/Document/CstmrCdtTrfInitn/PmtInf/CdtTrfTxInf/PmtTpInf/SvcLvl/Cd;0004;C;;FPAYHX;CODE1;000;000;;;;;INHERITED_FROM_PARENT;ACTIVE;;Specifies service or level of service from service level code list
PAYM;Z_PT_CGI_XML_CT_V9;000;N_0271455296;N_1955869580;000;ATOM;Non_SEPA;/Document/CstmrCdtTrfInitn/PmtInf/CdtTrfTxInf/PmtTpInf/SvcLvl/Cd/:atom:Non_SEPA;/Document/CstmrCdtTrfInitn/PmtInf/CdtTrfTxInf/PmtTpInf/SvcLvl/Cd/:atom:Non_SEPA;0000;C;;FPAYHX;CODE1;000;000;;;;FPAYHX-CODE1 <> SPACE;INHERITED_FROM_PARENT;ACTIVE;;
PAYM;Z_PT_CGI_XML_CT_V9;000;N_0212834634;N_1955869580;000;ATOM;SEPA;/Document/CstmrCdtTrfInitn/PmtInf/CdtTrfTxInf/PmtTpInf/SvcLvl/Cd/:atom:SEPA;/Document/CstmrCdtTrfInitn/PmtInf/CdtTrfTxInf/PmtTpInf/SvcLvl/Cd/:atom:SEPA;0000;C;;;;000;000;SEPA;;;FPAYHX-REF03+0(1) = 'S' AND FPAYHX-CODE1 = SPACE;INHERITED_FROM_PARENT;ACTIVE;;
PAYM;Z_PT_CGI_XML_CT_V9;000;N_1978739260;N_6348225970;003;ELEM;Prtry;/Document/CstmrCdtTrfInitn/PmtInf/CdtTrfTxInf/PmtTpInf/SvcLvl/Prtry;/Document/CstmrCdtTrfInitn/PmtInf/CdtTrfTxInf/PmtTpInf/SvcLvl/Prtry;0035;C;;;;000;000;;;;;INHERITED_FROM_PARENT;ACTIVE;;Specifies service or level of service, as proprietary code
PAYM;Z_PT_CGI_XML_CT_V9;000;N_3971353020;N_7436948640;003;ELEM;Purp;/Document/CstmrCdtTrfInitn/PmtInf/CdtTrfTxInf/Purp;/Document/CstmrCdtTrfInitn/PmtInf/CdtTrfTxInf/Purp;0000;C;;;;000;000;;;;FPAYHX-XSCHK = SPACE;INHERITED_FROM_PARENT;ACTIVE;;Underlying reason for payment transaction
PAYM;Z_PT_CGI_XML_CT_V9;000;N_6029257890;N_3971353020;003;ELEM;Cd;/Document/CstmrCdtTrfInitn/PmtInf/CdtTrfTxInf/Purp/Cd;/Document/CstmrCdtTrfInitn/PmtInf/CdtTrfTxInf/Purp/Cd;0004;C;;FPAYP;XREF3;000;000;;;;;INHERITED_FROM_PARENT;ACTIVE;;Underlying reason for payment transaction published in purpose code list
PAYM;Z_PT_CGI_XML_CT_V9;000;N_5084523120;N_3971353020;003;ELEM;Prtry;/Document/CstmrCdtTrfInitn/PmtInf/CdtTrfTxInf/Purp/Prtry;/Document/CstmrCdtTrfInitn/PmtInf/CdtTrfTxInf/Purp/Prtry;0000;C;;FPAYP;STRFR;000;000;;;;1 = SPACE;REDEFINED_IN_TREE;DEACTIVATED;;Purpose in proprietary form
PAYM;Z_PT_CGI_XML_CT_V9;000;N_3490245970;N_7436948640;003;ELEM;RgltryRptg;/Document/CstmrCdtTrfInitn/PmtInf/CdtTrfTxInf/RgltryRptg;/Document/CstmrCdtTrfInitn/PmtInf/CdtTrfTxInf/RgltryRptg;0000;C;;;;000;000;;;;1 = SPACE;REDEFINED_IN_TREE;DEACTIVATED;;Information needed due to regulatory and statutory requirements
PAYM;Z_PT_CGI_XML_CT_V9;000;N_2486198680;N_3490245970;003;ELEM;Authrty;/Document/CstmrCdtTrfInitn/PmtInf/CdtTrfTxInf/RgltryRptg/Authrty;/Document/CstmrCdtTrfInitn/PmtInf/CdtTrfTxInf/RgltryRptg/Authrty;0000;C;;;;000;000;;;;;INHERITED_FROM_PARENT;ACTIVE;;Entity requiring regulatory reporting information
PAYM;Z_PT_CGI_XML_CT_V9;000;N_1554720530;N_2486198680;003;ELEM;Ctry;/Document/CstmrCdtTrfInitn/PmtInf/CdtTrfTxInf/RgltryRptg/Authrty/Ctry;/Document/CstmrCdtTrfInitn/PmtInf/CdtTrfTxInf/RgltryRptg/Authrty/Ctry;0000;C;;FPAYP;LANDL;000;000;;;;;INHERITED_FROM_PARENT;ACTIVE;;Country of entity that requires regulatory reporting information
PAYM;Z_PT_CGI_XML_CT_V9;000;N_3657175300;N_2486198680;003;ELEM;Nm;/Document/CstmrCdtTrfInitn/PmtInf/CdtTrfTxInf/RgltryRptg/Authrty/Nm;/Document/CstmrCdtTrfInitn/PmtInf/CdtTrfTxInf/RgltryRptg/Authrty/Nm;0000;C;;;;000;000;;;;;INHERITED_FROM_PARENT;ACTIVE;;Name of entity requiring regulatory reporting information
PAYM;Z_PT_CGI_XML_CT_V9;000;N_7043617280;N_3490245970;003;ELEM;DbtCdtRptgInd;/Document/CstmrCdtTrfInitn/PmtInf/CdtTrfTxInf/RgltryRptg/DbtCdtRptgInd;/Document/CstmrCdtTrfInitn/PmtInf/CdtTrfTxInf/RgltryRptg/DbtCdtRptgInd;0004;C;;;;000;000;;;;;INHERITED_FROM_PARENT;ACTIVE;;Identifies side to which regulatory reporting information applies
PAYM;Z_PT_CGI_XML_CT_V9;000;N_0101879611;N_7043617280;000;ATOM;BOTH;/Document/CstmrCdtTrfInitn/PmtInf/CdtTrfTxInf/RgltryRptg/DbtCdtRptgInd/:atom:BOTH;/Document/CstmrCdtTrfInitn/PmtInf/CdtTrfTxInf/RgltryRptg/DbtCdtRptgInd/:atom:BOTH;0000;C;;;;000;000;BOTH;;;1 = 2;INHERITED_FROM_PARENT;ACTIVE;;
PAYM;Z_PT_CGI_XML_CT_V9;000;N_0764484780;N_7043617280;000;ATOM;CRED;/Document/CstmrCdtTrfInitn/PmtInf/CdtTrfTxInf/RgltryRptg/DbtCdtRptgInd/:atom:CRED;/Document/CstmrCdtTrfInitn/PmtInf/CdtTrfTxInf/RgltryRptg/DbtCdtRptgInd/:atom:CRED;0000;C;;;;000;000;CRED;;;1 = 2;INHERITED_FROM_PARENT;ACTIVE;;
PAYM;Z_PT_CGI_XML_CT_V9;000;N_0590141334;N_7043617280;000;ATOM;DEBT;/Document/CstmrCdtTrfInitn/PmtInf/CdtTrfTxInf/RgltryRptg/DbtCdtRptgInd/:atom:DEBT;/Document/CstmrCdtTrfInitn/PmtInf/CdtTrfTxInf/RgltryRptg/DbtCdtRptgInd/:atom:DEBT;0000;C;;;;000;000;DEBT;;;1 = 2;INHERITED_FROM_PARENT;ACTIVE;;
PAYM;Z_PT_CGI_XML_CT_V9;000;N_4246377470;N_3490245970;003;ELEM;Dtls;/Document/CstmrCdtTrfInitn/PmtInf/CdtTrfTxInf/RgltryRptg/Dtls;/Document/CstmrCdtTrfInitn/PmtInf/CdtTrfTxInf/RgltryRptg/Dtls;0000;C;;;;000;000;;;;;INHERITED_FROM_PARENT;ACTIVE;;Set of elements used to provide details on regulatory reporting information
PAYM;Z_PT_CGI_XML_CT_V9;000;N_3213377640;N_4246377470;003;ELEM;Amt;/Document/CstmrCdtTrfInitn/PmtInf/CdtTrfTxInf/RgltryRptg/Dtls/Amt;/Document/CstmrCdtTrfInitn/PmtInf/CdtTrfTxInf/RgltryRptg/Dtls/Amt;0015;C;;;;000;000;;;;;INHERITED_FROM_PARENT;ACTIVE;;Amount of money to be reported for regulatory and statutory requirements
PAYM;Z_PT_CGI_XML_CT_V9;000;N_3528181440;N_3213377640;000;XMAT;Ccy;/Document/CstmrCdtTrfInitn/PmtInf/CdtTrfTxInf/RgltryRptg/Dtls/Amt/@Ccy;/Document/CstmrCdtTrfInitn/PmtInf/CdtTrfTxInf/RgltryRptg/Dtls/Amt/@Ccy;0000;C;;;;000;000;;;;<> SPACE;INHERITED_FROM_PARENT;ACTIVE;;Medium of exchange of currency
PAYM;Z_PT_CGI_XML_CT_V9;000;N_6552550690;N_4246377470;003;ELEM;Cd;/Document/CstmrCdtTrfInitn/PmtInf/CdtTrfTxInf/RgltryRptg/Dtls/Cd;/Document/CstmrCdtTrfInitn/PmtInf/CdtTrfTxInf/RgltryRptg/Dtls/Cd;0010;C;;FPAYHX;REF12;000;000;;;;;INHERITED_FROM_PARENT;ACTIVE;;Specifies nature, purpose, and reason for transaction to be reported
PAYM;Z_PT_CGI_XML_CT_V9;000;N_9027600680;N_4246377470;003;ELEM;Ctry;/Document/CstmrCdtTrfInitn/PmtInf/CdtTrfTxInf/RgltryRptg/Dtls/Ctry;/Document/CstmrCdtTrfInitn/PmtInf/CdtTrfTxInf/RgltryRptg/Dtls/Ctry;0000;C;;;;000;000;;;;;INHERITED_FROM_PARENT;ACTIVE;;Country related to specified type of regulatory reporting details
PAYM;Z_PT_CGI_XML_CT_V9;000;N_7622457740;N_4246377470;003;ELEM;Dt;/Document/CstmrCdtTrfInitn/PmtInf/CdtTrfTxInf/RgltryRptg/Dtls/Dt;/Document/CstmrCdtTrfInitn/PmtInf/CdtTrfTxInf/RgltryRptg/Dtls/Dt;0000;C;;;;000;000;;;;;INHERITED_FROM_PARENT;ACTIVE;;Date related to specified type of regulatory reporting details
PAYM;Z_PT_CGI_XML_CT_V9;000;N_0139106700;N_4246377470;003;ELEM;Inf;/Document/CstmrCdtTrfInitn/PmtInf/CdtTrfTxInf/RgltryRptg/Dtls/Inf;/Document/CstmrCdtTrfInitn/PmtInf/CdtTrfTxInf/RgltryRptg/Dtls/Inf;0000;C;;FPAYHX;REF12+64(35);000;000;;;;;INHERITED_FROM_PARENT;ACTIVE;;Additional details that cater for specific domestic regulatory requirements
PAYM;Z_PT_CGI_XML_CT_V9;000;N_5450106580;N_4246377470;003;ELEM;Tp;/Document/CstmrCdtTrfInitn/PmtInf/CdtTrfTxInf/RgltryRptg/Dtls/Tp;/Document/CstmrCdtTrfInitn/PmtInf/CdtTrfTxInf/RgltryRptg/Dtls/Tp;0000;C;;;;000;000;;;;;INHERITED_FROM_PARENT;ACTIVE;;Specifies type of information supplied in regulatory reporting details
PAYM;Z_PT_CGI_XML_CT_V9;000;N_3399773000;N_7436948640;003;ELEM;RltdRmtInf;/Document/CstmrCdtTrfInitn/PmtInf/CdtTrfTxInf/RltdRmtInf;/Document/CstmrCdtTrfInitn/PmtInf/CdtTrfTxInf/RltdRmtInf;0000;C;;;;000;000;;;;FPAYHX-REF03+0(1) <> 'S';REDEFINED_IN_TREE;ACTIVE;;Provides information related to handling of remittance information
PAYM;Z_PT_CGI_XML_CT_V9;000;N_0426730089;N_3399773000;003;ELEM;RmtId;/Document/CstmrCdtTrfInitn/PmtInf/CdtTrfTxInf/RltdRmtInf/RmtId;/Document/CstmrCdtTrfInitn/PmtInf/CdtTrfTxInf/RltdRmtInf/RmtId;0035;C;;;;000;000;;;;;INHERITED_FROM_PARENT;ACTIVE;;Unique identification to identify remittance information sent separately
PAYM;Z_PT_CGI_XML_CT_V9;000;N_0361681020;N_3399773000;003;ELEM;RmtLctnDtls;/Document/CstmrCdtTrfInitn/PmtInf/CdtTrfTxInf/RltdRmtInf/RmtLctnDtls;/Document/CstmrCdtTrfInitn/PmtInf/CdtTrfTxInf/RltdRmtInf/RmtLctnDtls;0000;C;;;;000;000;;;;;INHERITED_FROM_PARENT;ACTIVE;;Set of elements for location and/or delivery of remittance information
PAYM;Z_PT_CGI_XML_CT_V9;000;N_0494303768;N_0361681020;003;ELEM;ElctrncAdr;/Document/CstmrCdtTrfInitn/PmtInf/CdtTrfTxInf/RltdRmtInf/RmtLctnDtls/ElctrncAdr;/Document/CstmrCdtTrfInitn/PmtInf/CdtTrfTxInf/RltdRmtInf/RmtLctnDtls/ElctrncAdr;0000;C;;;;000;000;;;;;INHERITED_FROM_PARENT;ACTIVE;;Electronic address to which agent is to send remittance information
PAYM;Z_PT_CGI_XML_CT_V9;000;N_0768293182;N_0361681020;003;ELEM;Mtd;/Document/CstmrCdtTrfInitn/PmtInf/CdtTrfTxInf/RltdRmtInf/RmtLctnDtls/Mtd;/Document/CstmrCdtTrfInitn/PmtInf/CdtTrfTxInf/RltdRmtInf/RmtLctnDtls/Mtd;0004;C;;;;000;000;;;;;INHERITED_FROM_PARENT;ACTIVE;;Method used to deliver remittance advice information
PAYM;Z_PT_CGI_XML_CT_V9;000;N_8122534740;N_0361681020;003;ELEM;PstlAdr;/Document/CstmrCdtTrfInitn/PmtInf/CdtTrfTxInf/RltdRmtInf/RmtLctnDtls/PstlAdr;/Document/CstmrCdtTrfInitn/PmtInf/CdtTrfTxInf/RltdRmtInf/RmtLctnDtls/PstlAdr;0000;C;;;;000;000;;;;;INHERITED_FROM_PARENT;ACTIVE;;Postal address to which agent is to send remittance information
PAYM;Z_PT_CGI_XML_CT_V9;000;N_3876400570;N_8122534740;003;ELEM;Adr;/Document/CstmrCdtTrfInitn/PmtInf/CdtTrfTxInf/RltdRmtInf/RmtLctnDtls/PstlAdr/Adr;/Document/CstmrCdtTrfInitn/PmtInf/CdtTrfTxInf/RltdRmtInf/RmtLctnDtls/PstlAdr/Adr;0000;C;;;;000;000;;;;;INHERITED_FROM_PARENT;ACTIVE;;Postal address of party
PAYM;Z_PT_CGI_XML_CT_V9;000;N_1309184090;N_3876400570;003;ELEM;AdrLine;/Document/CstmrCdtTrfInitn/PmtInf/CdtTrfTxInf/RltdRmtInf/RmtLctnDtls/PstlAdr/Adr/AdrLine;/Document/CstmrCdtTrfInitn/PmtInf/CdtTrfTxInf/RltdRmtInf/RmtLctnDtls/PstlAdr/Adr/AdrLine;0000;C;;;;000;000;;;;;INHERITED_FROM_PARENT;ACTIVE;;Information that locates and identifies specific address in free format
PAYM;Z_PT_CGI_XML_CT_V9;000;N_9391303900;N_3876400570;003;ELEM;BldgNb;/Document/CstmrCdtTrfInitn/PmtInf/CdtTrfTxInf/RltdRmtInf/RmtLctnDtls/PstlAdr/Adr/BldgNb;/Document/CstmrCdtTrfInitn/PmtInf/CdtTrfTxInf/RltdRmtInf/RmtLctnDtls/PstlAdr/Adr/BldgNb;0000;C;;;;000;000;;;;;INHERITED_FROM_PARENT;ACTIVE;;Number that identifies position of building on street
PAYM;Z_PT_CGI_XML_CT_V9;000;N_8725001260;N_3876400570;003;ELEM;Ctry;/Document/CstmrCdtTrfInitn/PmtInf/CdtTrfTxInf/RltdRmtInf/RmtLctnDtls/PstlAdr/Adr/Ctry;/Document/CstmrCdtTrfInitn/PmtInf/CdtTrfTxInf/RltdRmtInf/RmtLctnDtls/PstlAdr/Adr/Ctry;0000;C;;;;000;000;;;;;INHERITED_FROM_PARENT;ACTIVE;;Nation with its own government
PAYM;Z_PT_CGI_XML_CT_V9;000;N_7049207670;N_3876400570;003;ELEM;CtrySubDvsn;/Document/CstmrCdtTrfInitn/PmtInf/CdtTrfTxInf/RltdRmtInf/RmtLctnDtls/PstlAdr/Adr/CtrySubDvsn;/Document/CstmrCdtTrfInitn/PmtInf/CdtTrfTxInf/RltdRmtInf/RmtLctnDtls/PstlAdr/Adr/CtrySubDvsn;0000;C;;;;000;000;;;;;INHERITED_FROM_PARENT;ACTIVE;;Identifies subdivision of country such as state, region, county
PAYM;Z_PT_CGI_XML_CT_V9;000;N_5634693480;N_3876400570;003;ELEM;Dept;/Document/CstmrCdtTrfInitn/PmtInf/CdtTrfTxInf/RltdRmtInf/RmtLctnDtls/PstlAdr/Adr/Dept;/Document/CstmrCdtTrfInitn/PmtInf/CdtTrfTxInf/RltdRmtInf/RmtLctnDtls/PstlAdr/Adr/Dept;0000;C;;;;000;000;;;;;INHERITED_FROM_PARENT;ACTIVE;;Identification of division of large organisation or building
PAYM;Z_PT_CGI_XML_CT_V9;000;N_4143032770;N_3876400570;003;ELEM;PstCd;/Document/CstmrCdtTrfInitn/PmtInf/CdtTrfTxInf/RltdRmtInf/RmtLctnDtls/PstlAdr/Adr/PstCd;/Document/CstmrCdtTrfInitn/PmtInf/CdtTrfTxInf/RltdRmtInf/RmtLctnDtls/PstlAdr/Adr/PstCd;0000;C;;;;000;000;;;;;INHERITED_FROM_PARENT;ACTIVE;;Identifier added to postal address to assist sorting of mail
PAYM;Z_PT_CGI_XML_CT_V9;000;N_6752936680;N_3876400570;003;ELEM;StrtNm;/Document/CstmrCdtTrfInitn/PmtInf/CdtTrfTxInf/RltdRmtInf/RmtLctnDtls/PstlAdr/Adr/StrtNm;/Document/CstmrCdtTrfInitn/PmtInf/CdtTrfTxInf/RltdRmtInf/RmtLctnDtls/PstlAdr/Adr/StrtNm;0000;C;;;;000;000;;;;;INHERITED_FROM_PARENT;ACTIVE;;Name of street or thoroughfare
PAYM;Z_PT_CGI_XML_CT_V9;000;N_0505590600;N_3876400570;003;ELEM;SubDept;/Document/CstmrCdtTrfInitn/PmtInf/CdtTrfTxInf/RltdRmtInf/RmtLctnDtls/PstlAdr/Adr/SubDept;/Document/CstmrCdtTrfInitn/PmtInf/CdtTrfTxInf/RltdRmtInf/RmtLctnDtls/PstlAdr/Adr/SubDept;0000;C;;;;000;000;;;;;INHERITED_FROM_PARENT;ACTIVE;;Identification of sub-division of large organisation or building
PAYM;Z_PT_CGI_XML_CT_V9;000;N_0248243700;N_3876400570;003;ELEM;TwnNm;/Document/CstmrCdtTrfInitn/PmtInf/CdtTrfTxInf/RltdRmtInf/RmtLctnDtls/PstlAdr/Adr/TwnNm;/Document/CstmrCdtTrfInitn/PmtInf/CdtTrfTxInf/RltdRmtInf/RmtLctnDtls/PstlAdr/Adr/TwnNm;0000;C;;;;000;000;;;;;INHERITED_FROM_PARENT;ACTIVE;;Name of built-up area, with defined boundaries, and local government
PAYM;Z_PT_CGI_XML_CT_V9;000;N_4710240220;N_8122534740;003;ELEM;Nm;/Document/CstmrCdtTrfInitn/PmtInf/CdtTrfTxInf/RltdRmtInf/RmtLctnDtls/PstlAdr/Nm;/Document/CstmrCdtTrfInitn/PmtInf/CdtTrfTxInf/RltdRmtInf/RmtLctnDtls/PstlAdr/Nm;0140;C;;;;000;000;;;;;INHERITED_FROM_PARENT;ACTIVE;;Name by which party is known and is usually used to identify that party
PAYM;Z_PT_CGI_XML_CT_V9;000;N_9398268840;N_7436948640;003;ELEM;RmtInf;/Document/CstmrCdtTrfInitn/PmtInf/CdtTrfTxInf/RmtInf;/Document/CstmrCdtTrfInitn/PmtInf/CdtTrfTxInf/RmtInf;0000;C;;;;000;000;;;;;INHERITED_FROM_PARENT;ACTIVE;;Information supplied to enable matching of entry with items to be settled
PAYM;Z_PT_CGI_XML_CT_V9;000;N_0859412490;N_9398268840;003;ELEM;Strd;/Document/CstmrCdtTrfInitn/PmtInf/CdtTrfTxInf/RmtInf/Strd;/Document/CstmrCdtTrfInitn/PmtInf/CdtTrfTxInf/RmtInf/Strd;0000;C;;;;000;000;;;;1 = SPACE;INHERITED_FROM_PARENT;ACTIVE;;Information to match entry with items that payment is intended to settle
PAYM;Z_PT_CGI_XML_CT_V9;000;N_7062459210;N_9398268840;004;ELEM;Strd;/Document/CstmrCdtTrfInitn/PmtInf/CdtTrfTxInf/RmtInf/Strd;/Document/CstmrCdtTrfInitn/PmtInf/CdtTrfTxInf/RmtInf/Strd;0000;C;;;;000;000;;;;FPM_CGI-STRD = 'X';INHERITED_FROM_PARENT;ACTIVE;;Information to match entry with items that payment is intended to settle
PAYM;Z_PT_CGI_XML_CT_V9;000;N_3045824920;N_0859412490;003;ELEM;AddtlRmtInf;/Document/CstmrCdtTrfInitn/PmtInf/CdtTrfTxInf/RmtInf/Strd/AddtlRmtInf;/Document/CstmrCdtTrfInitn/PmtInf/CdtTrfTxInf/RmtInf/Strd/AddtlRmtInf;0000;C;;FPAYP;SGTXT;000;000;;;;;REDEFINED_IN_TREE;DEACTIVATED;;Addit. information in free text form to complement remittance information
PAYM;Z_PT_CGI_XML_CT_V9;000;N_9302316990;N_7062459210;004;ELEM;AddtlRmtInf;/Document/CstmrCdtTrfInitn/PmtInf/CdtTrfTxInf/RmtInf/Strd/AddtlRmtInf;/Document/CstmrCdtTrfInitn/PmtInf/CdtTrfTxInf/RmtInf/Strd/AddtlRmtInf;0000;C;;FPAYP;SGTXT;000;000;;;;;INHERITED_FROM_PARENT;ACTIVE;;Addit. information in free text form to complement remittance information
PAYM;Z_PT_CGI_XML_CT_V9;000;N_8346561010;N_7062459210;004;ELEM;CdtrRefInf;/Document/CstmrCdtTrfInitn/PmtInf/CdtTrfTxInf/RmtInf/Strd/CdtrRefInf;/Document/CstmrCdtTrfInitn/PmtInf/CdtTrfTxInf/RmtInf/Strd/CdtrRefInf;0000;C;;;;000;000;;;;FPAYP-STRFR <> SPACE OR FPAYP-SGTXT <> SPACE;INHERITED_FROM_PARENT;ACTIVE;;Reference information provided by creditor
PAYM;Z_PT_CGI_XML_CT_V9;000;N_9319702370;N_0859412490;003;ELEM;CdtrRefInf;/Document/CstmrCdtTrfInitn/PmtInf/CdtTrfTxInf/RmtInf/Strd/CdtrRefInf;/Document/CstmrCdtTrfInitn/PmtInf/CdtTrfTxInf/RmtInf/Strd/CdtrRefInf;0000;C;;;;000;000;;;;;INHERITED_FROM_PARENT;ACTIVE;;Reference information provided by creditor
PAYM;Z_PT_CGI_XML_CT_V9;000;N_0693152840;N_8346561010;004;ELEM;Ref;/Document/CstmrCdtTrfInitn/PmtInf/CdtTrfTxInf/RmtInf/Strd/CdtrRefInf/Ref;/Document/CstmrCdtTrfInitn/PmtInf/CdtTrfTxInf/RmtInf/Strd/CdtrRefInf/Ref;0000;C;;FPAYP;STRFR;000;000;;;;;INHERITED_FROM_PARENT;ACTIVE;;Unique reference, as assigned by creditor, to refer to payment transaction
PAYM;Z_PT_CGI_XML_CT_V9;000;N_1509086730;N_9319702370;003;ELEM;Ref;/Document/CstmrCdtTrfInitn/PmtInf/CdtTrfTxInf/RmtInf/Strd/CdtrRefInf/Ref;/Document/CstmrCdtTrfInitn/PmtInf/CdtTrfTxInf/RmtInf/Strd/CdtrRefInf/Ref;0000;C;;FPAYP;STRFR;000;000;;;;;INHERITED_FROM_PARENT;ACTIVE;;Unique reference, as assigned by creditor, to refer to payment transaction
PAYM;Z_PT_CGI_XML_CT_V9;000;N_1901875590;N_8346561010;004;ELEM;Tp;/Document/CstmrCdtTrfInitn/PmtInf/CdtTrfTxInf/RmtInf/Strd/CdtrRefInf/Tp;/Document/CstmrCdtTrfInitn/PmtInf/CdtTrfTxInf/RmtInf/Strd/CdtrRefInf/Tp;0000;C;;;;000;000;;;;FPAYP-STRFR <> SPACE;INHERITED_FROM_PARENT;ACTIVE;;Specifies type of creditor reference
PAYM;Z_PT_CGI_XML_CT_V9;000;N_5288614140;N_9319702370;003;ELEM;Tp;/Document/CstmrCdtTrfInitn/PmtInf/CdtTrfTxInf/RmtInf/Strd/CdtrRefInf/Tp;/Document/CstmrCdtTrfInitn/PmtInf/CdtTrfTxInf/RmtInf/Strd/CdtrRefInf/Tp;0000;C;;;;000;000;;;;;INHERITED_FROM_PARENT;ACTIVE;;Specifies type of creditor reference
PAYM;Z_PT_CGI_XML_CT_V9;000;N_8129080870;N_1901875590;004;ELEM;CdOrPrtry;/Document/CstmrCdtTrfInitn/PmtInf/CdtTrfTxInf/RmtInf/Strd/CdtrRefInf/Tp/CdOrPrtry;/Document/CstmrCdtTrfInitn/PmtInf/CdtTrfTxInf/RmtInf/Strd/CdtrRefInf/Tp/CdOrPrtry;0000;C;;;;000;000;;;;;INHERITED_FROM_PARENT;ACTIVE;;Coded or proprietary format creditor reference type
PAYM;Z_PT_CGI_XML_CT_V9;000;N_9019727460;N_5288614140;003;ELEM;CdOrPrtry;/Document/CstmrCdtTrfInitn/PmtInf/CdtTrfTxInf/RmtInf/Strd/CdtrRefInf/Tp/CdOrPrtry;/Document/CstmrCdtTrfInitn/PmtInf/CdtTrfTxInf/RmtInf/Strd/CdtrRefInf/Tp/CdOrPrtry;0000;C;;;;000;000;;;;;INHERITED_FROM_PARENT;ACTIVE;;Coded or proprietary format creditor reference type
PAYM;Z_PT_CGI_XML_CT_V9;000;N_5270798420;N_8129080870;004;ELEM;Cd;/Document/CstmrCdtTrfInitn/PmtInf/CdtTrfTxInf/RmtInf/Strd/CdtrRefInf/Tp/CdOrPrtry/Cd;/Document/CstmrCdtTrfInitn/PmtInf/CdtTrfTxInf/RmtInf/Strd/CdtrRefInf/Tp/CdOrPrtry/Cd;0004;C;;;;000;000;SCOR;;;;INHERITED_FROM_PARENT;ACTIVE;;Type of creditor reference, in coded form
PAYM;Z_PT_CGI_XML_CT_V9;000;N_6677322690;N_9019727460;003;ELEM;Cd;/Document/CstmrCdtTrfInitn/PmtInf/CdtTrfTxInf/RmtInf/Strd/CdtrRefInf/Tp/CdOrPrtry/Cd;/Document/CstmrCdtTrfInitn/PmtInf/CdtTrfTxInf/RmtInf/Strd/CdtrRefInf/Tp/CdOrPrtry/Cd;0004;C;;;;000;000;SCOR;;;;INHERITED_FROM_PARENT;ACTIVE;;Type of creditor reference, in coded form
PAYM;Z_PT_CGI_XML_CT_V9;000;N_0131153549;N_9019727460;003;ELEM;Prtry;/Document/CstmrCdtTrfInitn/PmtInf/CdtTrfTxInf/RmtInf/Strd/CdtrRefInf/Tp/CdOrPrtry/Prtry;/Document/CstmrCdtTrfInitn/PmtInf/CdtTrfTxInf/RmtInf/Strd/CdtrRefInf/Tp/CdOrPrtry/Prtry;0035;C;;;;000;000;;;;;INHERITED_FROM_PARENT;ACTIVE;;Creditor reference type, in proprietary form
PAYM;Z_PT_CGI_XML_CT_V9;000;N_0873688840;N_8129080870;004;ELEM;Prtry;/Document/CstmrCdtTrfInitn/PmtInf/CdtTrfTxInf/RmtInf/Strd/CdtrRefInf/Tp/CdOrPrtry/Prtry;/Document/CstmrCdtTrfInitn/PmtInf/CdtTrfTxInf/RmtInf/Strd/CdtrRefInf/Tp/CdOrPrtry/Prtry;0035;C;;;;000;000;;;;;INHERITED_FROM_PARENT;ACTIVE;;Creditor reference type, in proprietary form
PAYM;Z_PT_CGI_XML_CT_V9;000;N_0003873540;N_1901875590;004;ELEM;Issr;/Document/CstmrCdtTrfInitn/PmtInf/CdtTrfTxInf/RmtInf/Strd/CdtrRefInf/Tp/Issr;/Document/CstmrCdtTrfInitn/PmtInf/CdtTrfTxInf/RmtInf/Strd/CdtrRefInf/Tp/Issr;0000;C;;;;000;000;ISO;;;;INHERITED_FROM_PARENT;ACTIVE;;Entity that assigns credit reference type
PAYM;Z_PT_CGI_XML_CT_V9;000;N_0494071550;N_5288614140;003;ELEM;Issr;/Document/CstmrCdtTrfInitn/PmtInf/CdtTrfTxInf/RmtInf/Strd/CdtrRefInf/Tp/Issr;/Document/CstmrCdtTrfInitn/PmtInf/CdtTrfTxInf/RmtInf/Strd/CdtrRefInf/Tp/Issr;0000;C;;;;000;000;ISO;;;;INHERITED_FROM_PARENT;ACTIVE;;Entity that assigns credit reference type
PAYM;Z_PT_CGI_XML_CT_V9;000;N_2276658430;N_7062459210;004;ELEM;Invcee;/Document/CstmrCdtTrfInitn/PmtInf/CdtTrfTxInf/RmtInf/Strd/Invcee;/Document/CstmrCdtTrfInitn/PmtInf/CdtTrfTxInf/RmtInf/Strd/Invcee;0000;C;;;;000;000;;;;;INHERITED_FROM_PARENT;ACTIVE;;Identification of party to whom invoice is issued if differs from debtor
PAYM;Z_PT_CGI_XML_CT_V9;000;N_1388824870;N_2276658430;004;ELEM;Nm;/Document/CstmrCdtTrfInitn/PmtInf/CdtTrfTxInf/RmtInf/Strd/Invcee/Nm;/Document/CstmrCdtTrfInitn/PmtInf/CdtTrfTxInf/RmtInf/Strd/Invcee/Nm;0000;C;;;;000;000;;;;;INHERITED_FROM_PARENT;ACTIVE;;Name by which party is known and which is usually used to identify party
PAYM;Z_PT_CGI_XML_CT_V9;000;N_9879301630;N_7062459210;004;ELEM;Invcr;/Document/CstmrCdtTrfInitn/PmtInf/CdtTrfTxInf/RmtInf/Strd/Invcr;/Document/CstmrCdtTrfInitn/PmtInf/CdtTrfTxInf/RmtInf/Strd/Invcr;0000;C;;;;000;000;;;;;INHERITED_FROM_PARENT;ACTIVE;;Identification of organisation issuing invoice, if differs from creditor
PAYM;Z_PT_CGI_XML_CT_V9;000;N_6878089140;N_9879301630;004;ELEM;Nm;/Document/CstmrCdtTrfInitn/PmtInf/CdtTrfTxInf/RmtInf/Strd/Invcr/Nm;/Document/CstmrCdtTrfInitn/PmtInf/CdtTrfTxInf/RmtInf/Strd/Invcr/Nm;0000;C;;;;000;000;;;;;INHERITED_FROM_PARENT;ACTIVE;;Name by which party is known and which is usually used to identify party
PAYM;Z_PT_CGI_XML_CT_V9;000;N_9605099470;N_7062459210;004;ELEM;RfrdDocAmt;/Document/CstmrCdtTrfInitn/PmtInf/CdtTrfTxInf/RmtInf/Strd/RfrdDocAmt;/Document/CstmrCdtTrfInitn/PmtInf/CdtTrfTxInf/RmtInf/Strd/RfrdDocAmt;0015;P;;FPAYP;WNETT;000;000;;;;;INHERITED_FROM_PARENT;ACTIVE;;Provides details on amounts of referred document
PAYM;Z_PT_CGI_XML_CT_V9;000;N_3057494480;N_9605099470;004;ELEM;AdjstmntAmtAndRsn;/Document/CstmrCdtTrfInitn/PmtInf/CdtTrfTxInf/RmtInf/Strd/RfrdDocAmt/AdjstmntAmtAndRsn;/Document/CstmrCdtTrfInitn/PmtInf/CdtTrfTxInf/RmtInf/Strd/RfrdDocAmt/AdjstmntAmtAndRsn;0000;C;;;;000;000;;;;FPAYP-QSTEU <> 0;INHERITED_FROM_PARENT;ACTIVE;;Specifies detailed information on amount and reason of document adjustment
PAYM;Z_PT_CGI_XML_CT_V9;000;N_9018978050;N_3057494480;004;ELEM;AddtlInf;/Document/CstmrCdtTrfInitn/PmtInf/CdtTrfTxInf/RmtInf/Strd/RfrdDocAmt/AdjstmntAmtAndRsn/AddtlInf;/Document/CstmrCdtTrfInitn/PmtInf/CdtTrfTxInf/RmtInf/Strd/RfrdDocAmt/AdjstmntAmtAndRsn/AddtlInf;0000;C;;;;000;000;;;;;INHERITED_FROM_PARENT;ACTIVE;;Provides further details on document adjustment
PAYM;Z_PT_CGI_XML_CT_V9;000;N_2435852750;N_3057494480;004;ELEM;Amt;/Document/CstmrCdtTrfInitn/PmtInf/CdtTrfTxInf/RmtInf/Strd/RfrdDocAmt/AdjstmntAmtAndRsn/Amt;/Document/CstmrCdtTrfInitn/PmtInf/CdtTrfTxInf/RmtInf/Strd/RfrdDocAmt/AdjstmntAmtAndRsn/Amt;0020;C;;FPAYP;REF02+090;000;000;;;;;INHERITED_FROM_PARENT;ACTIVE;;Amount of money of document adjustment
PAYM;Z_PT_CGI_XML_CT_V9;000;N_5325628130;N_2435852750;000;XMAT;Ccy;/Document/CstmrCdtTrfInitn/PmtInf/CdtTrfTxInf/RmtInf/Strd/RfrdDocAmt/AdjstmntAmtAndRsn/Amt/@Ccy;/Document/CstmrCdtTrfInitn/PmtInf/CdtTrfTxInf/RmtInf/Strd/RfrdDocAmt/AdjstmntAmtAndRsn/Amt/@Ccy;0000;C;;FPAYHX;HWISO;000;000;;;;<> SPACE;INHERITED_FROM_PARENT;ACTIVE;;Medium of exchange of currency
PAYM;Z_PT_CGI_XML_CT_V9;000;N_0098165890;N_3057494480;004;ELEM;CdtDbtInd;/Document/CstmrCdtTrfInitn/PmtInf/CdtTrfTxInf/RmtInf/Strd/RfrdDocAmt/AdjstmntAmtAndRsn/CdtDbtInd;/Document/CstmrCdtTrfInitn/PmtInf/CdtTrfTxInf/RmtInf/Strd/RfrdDocAmt/AdjstmntAmtAndRsn/CdtDbtInd;0000;C;;;;000;000;;;;;INHERITED_FROM_PARENT;ACTIVE;;Specifies whether adjustment must be subtracted or added tototal amount
PAYM;Z_PT_CGI_XML_CT_V9;000;N_6662764530;N_0098165890;000;ATOM;CRDT;/Document/CstmrCdtTrfInitn/PmtInf/CdtTrfTxInf/RmtInf/Strd/RfrdDocAmt/AdjstmntAmtAndRsn/CdtDbtInd/:atom:CRDT;/Document/CstmrCdtTrfInitn/PmtInf/CdtTrfTxInf/RmtInf/Strd/RfrdDocAmt/AdjstmntAmtAndRsn/CdtDbtInd/:atom:CRDT;0000;C;;;;000;000;CRDT;;;FPAYP-WRBTR < 0 OR FPAYP-VOR1R = 'DR';INHERITED_FROM_PARENT;ACTIVE;;
PAYM;Z_PT_CGI_XML_CT_V9;000;N_0714892370;N_0098165890;000;ATOM;DBIT;/Document/CstmrCdtTrfInitn/PmtInf/CdtTrfTxInf/RmtInf/Strd/RfrdDocAmt/AdjstmntAmtAndRsn/CdtDbtInd/:atom:DBIT;/Document/CstmrCdtTrfInitn/PmtInf/CdtTrfTxInf/RmtInf/Strd/RfrdDocAmt/AdjstmntAmtAndRsn/CdtDbtInd/:atom:DBIT;0000;C;;;;000;000;DBIT;;;FPAYP-WRBTR > 0 OR FPAYP-VOR1R = 'KR';INHERITED_FROM_PARENT;ACTIVE;;
PAYM;Z_PT_CGI_XML_CT_V9;000;N_2971560890;N_3057494480;004;ELEM;Rsn;/Document/CstmrCdtTrfInitn/PmtInf/CdtTrfTxInf/RmtInf/Strd/RfrdDocAmt/AdjstmntAmtAndRsn/Rsn;/Document/CstmrCdtTrfInitn/PmtInf/CdtTrfTxInf/RmtInf/Strd/RfrdDocAmt/AdjstmntAmtAndRsn/Rsn;0000;C;;;;000;000;WHT;;;;INHERITED_FROM_PARENT;ACTIVE;;Specifies reason for adjustment
PAYM;Z_PT_CGI_XML_CT_V9;000;N_8659414270;N_9605099470;004;ELEM;CdtNoteAmt;/Document/CstmrCdtTrfInitn/PmtInf/CdtTrfTxInf/RmtInf/Strd/RfrdDocAmt/CdtNoteAmt;/Document/CstmrCdtTrfInitn/PmtInf/CdtTrfTxInf/RmtInf/Strd/RfrdDocAmt/CdtNoteAmt;0015;P;;FPAYP;WNETT;000;000;;;;FPAYP-WRBTR <= 0;INHERITED_FROM_PARENT;ACTIVE;;Amount of credit note
PAYM;Z_PT_CGI_XML_CT_V9;000;N_7239437950;N_8659414270;000;XMAT;Ccy;/Document/CstmrCdtTrfInitn/PmtInf/CdtTrfTxInf/RmtInf/Strd/RfrdDocAmt/CdtNoteAmt/@Ccy;/Document/CstmrCdtTrfInitn/PmtInf/CdtTrfTxInf/RmtInf/Strd/RfrdDocAmt/CdtNoteAmt/@Ccy;0000;C;;FPAYHX;WAERS;000;000;;;;<> SPACE;INHERITED_FROM_PARENT;ACTIVE;;Medium of exchange of currency
PAYM;Z_PT_CGI_XML_CT_V9;000;N_4293056720;N_9605099470;004;ELEM;DscntApldAmt;/Document/CstmrCdtTrfInitn/PmtInf/CdtTrfTxInf/RmtInf/Strd/RfrdDocAmt/DscntApldAmt;/Document/CstmrCdtTrfInitn/PmtInf/CdtTrfTxInf/RmtInf/Strd/RfrdDocAmt/DscntApldAmt;0015;P;;FPAYP;WSKTO;000;000;;;;FPAYP-WSKTO <> 0;INHERITED_FROM_PARENT;ACTIVE;;Amount of discount to be applied to amount due and payable to creditor
PAYM;Z_PT_CGI_XML_CT_V9;000;N_7010277110;N_4293056720;000;XMAT;Ccy;/Document/CstmrCdtTrfInitn/PmtInf/CdtTrfTxInf/RmtInf/Strd/RfrdDocAmt/DscntApldAmt/@Ccy;/Document/CstmrCdtTrfInitn/PmtInf/CdtTrfTxInf/RmtInf/Strd/RfrdDocAmt/DscntApldAmt/@Ccy;0000;C;;FPAYHX;WAERS;000;000;;;;<> SPACE;INHERITED_FROM_PARENT;ACTIVE;;Medium of exchange of currency
PAYM;Z_PT_CGI_XML_CT_V9;000;N_2798827550;N_9605099470;004;ELEM;DuePyblAmt;/Document/CstmrCdtTrfInitn/PmtInf/CdtTrfTxInf/RmtInf/Strd/RfrdDocAmt/DuePyblAmt;/Document/CstmrCdtTrfInitn/PmtInf/CdtTrfTxInf/RmtInf/Strd/RfrdDocAmt/DuePyblAmt;0015;P;;FPAYP;WRBTR;000;000;;;;FPAYP-WRBTR <> 0;INHERITED_FROM_PARENT;ACTIVE;;Amount specified is exact amount due and payable to creditor
PAYM;Z_PT_CGI_XML_CT_V9;000;N_3892873710;N_2798827550;000;XMAT;Ccy;/Document/CstmrCdtTrfInitn/PmtInf/CdtTrfTxInf/RmtInf/Strd/RfrdDocAmt/DuePyblAmt/@Ccy;/Document/CstmrCdtTrfInitn/PmtInf/CdtTrfTxInf/RmtInf/Strd/RfrdDocAmt/DuePyblAmt/@Ccy;0000;C;;FPAYHX;WAERS;000;000;;;;<> SPACE;INHERITED_FROM_PARENT;ACTIVE;;Medium of exchange of currency
PAYM;Z_PT_CGI_XML_CT_V9;000;N_6241302870;N_9605099470;004;ELEM;RmtdAmt;/Document/CstmrCdtTrfInitn/PmtInf/CdtTrfTxInf/RmtInf/Strd/RfrdDocAmt/RmtdAmt;/Document/CstmrCdtTrfInitn/PmtInf/CdtTrfTxInf/RmtInf/Strd/RfrdDocAmt/RmtdAmt;0015;P;;FPAYP;WNETT;000;000;;;;FPAYP-WRBTR >= 0;INHERITED_FROM_PARENT;ACTIVE;;Amount of money remitted for referred document
PAYM;Z_PT_CGI_XML_CT_V9;000;N_5923810150;N_6241302870;000;XMAT;Ccy;/Document/CstmrCdtTrfInitn/PmtInf/CdtTrfTxInf/RmtInf/Strd/RfrdDocAmt/RmtdAmt/@Ccy;/Document/CstmrCdtTrfInitn/PmtInf/CdtTrfTxInf/RmtInf/Strd/RfrdDocAmt/RmtdAmt/@Ccy;0000;C;;FPAYHX;WAERS;000;000;;;;<> SPACE;INHERITED_FROM_PARENT;ACTIVE;;Medium of exchange of currency
PAYM;Z_PT_CGI_XML_CT_V9;000;N_1412898320;N_9605099470;004;ELEM;TaxAmt;/Document/CstmrCdtTrfInitn/PmtInf/CdtTrfTxInf/RmtInf/Strd/RfrdDocAmt/TaxAmt;/Document/CstmrCdtTrfInitn/PmtInf/CdtTrfTxInf/RmtInf/Strd/RfrdDocAmt/TaxAmt;0000;;;;;000;000;;;;FPAYP-WQSTE <> 0;INHERITED_FROM_PARENT;ACTIVE;;Quantity of cash resulting from calculation of tax
PAYM;Z_PT_CGI_XML_CT_V9;000;N_0838322801;N_1412898320;004;ELEM;Amt;/Document/CstmrCdtTrfInitn/PmtInf/CdtTrfTxInf/RmtInf/Strd/RfrdDocAmt/TaxAmt/Amt;/Document/CstmrCdtTrfInitn/PmtInf/CdtTrfTxInf/RmtInf/Strd/RfrdDocAmt/TaxAmt/Amt;0015;P;;FPAYP;WQSTE;000;000;;;;;INHERITED_FROM_PARENT;ACTIVE;;Amount of money, which has been typed
PAYM;Z_PT_CGI_XML_CT_V9;000;N_9470038460;N_0838322801;000;XMAT;Ccy;/Document/CstmrCdtTrfInitn/PmtInf/CdtTrfTxInf/RmtInf/Strd/RfrdDocAmt/TaxAmt/Amt/@Ccy;/Document/CstmrCdtTrfInitn/PmtInf/CdtTrfTxInf/RmtInf/Strd/RfrdDocAmt/TaxAmt/Amt/@Ccy;0000;C;;FPAYHX;WAERS;000;000;;;;<> SPACE;INHERITED_FROM_PARENT;ACTIVE;;Medium of exchange of currency
PAYM;Z_PT_CGI_XML_CT_V9;000;N_0013389988;N_1412898320;004;ELEM;Tp;/Document/CstmrCdtTrfInitn/PmtInf/CdtTrfTxInf/RmtInf/Strd/RfrdDocAmt/TaxAmt/Tp;/Document/CstmrCdtTrfInitn/PmtInf/CdtTrfTxInf/RmtInf/Strd/RfrdDocAmt/TaxAmt/Tp;0000;C;;;;000;000;;;;;INHERITED_FROM_PARENT;ACTIVE;;Specifies type of amount
PAYM;Z_PT_CGI_XML_CT_V9;000;N_0159589380;N_0013389988;004;ELEM;Cd;/Document/CstmrCdtTrfInitn/PmtInf/CdtTrfTxInf/RmtInf/Strd/RfrdDocAmt/TaxAmt/Tp/Cd;/Document/CstmrCdtTrfInitn/PmtInf/CdtTrfTxInf/RmtInf/Strd/RfrdDocAmt/TaxAmt/Tp/Cd;0004;C;;;;000;000;;;;;INHERITED_FROM_PARENT;ACTIVE;;Specifies amount type, in coded form
PAYM;Z_PT_CGI_XML_CT_V9;000;N_0524833782;N_0013389988;004;ELEM;Prtry;/Document/CstmrCdtTrfInitn/PmtInf/CdtTrfTxInf/RmtInf/Strd/RfrdDocAmt/TaxAmt/Tp/Prtry;/Document/CstmrCdtTrfInitn/PmtInf/CdtTrfTxInf/RmtInf/Strd/RfrdDocAmt/TaxAmt/Tp/Prtry;0035;C;;;;000;000;;;;;INHERITED_FROM_PARENT;ACTIVE;;Specifies amount type, in free-text form
PAYM;Z_PT_CGI_XML_CT_V9;000;N_0567037050;N_7062459210;004;ELEM;RfrdDocInf;/Document/CstmrCdtTrfInitn/PmtInf/CdtTrfTxInf/RmtInf/Strd/RfrdDocInf;/Document/CstmrCdtTrfInitn/PmtInf/CdtTrfTxInf/RmtInf/Strd/RfrdDocInf;0000;C;;;;000;000;;;;;INHERITED_FROM_PARENT;ACTIVE;;Provides identification and content of referred document
PAYM;Z_PT_CGI_XML_CT_V9;000;N_9618992420;N_0567037050;004;ELEM;Nb;/Document/CstmrCdtTrfInitn/PmtInf/CdtTrfTxInf/RmtInf/Strd/RfrdDocInf/Nb;/Document/CstmrCdtTrfInitn/PmtInf/CdtTrfTxInf/RmtInf/Strd/RfrdDocInf/Nb;0000;C;;FPAYP;XBLNR;000;000;;;;;INHERITED_FROM_PARENT;ACTIVE;;Unique and unambiguous identification of referred document
PAYM;Z_PT_CGI_XML_CT_V9;000;N_7808319830;N_0567037050;004;ELEM;RltdDt;/Document/CstmrCdtTrfInitn/PmtInf/CdtTrfTxInf/RmtInf/Strd/RfrdDocInf/RltdDt;/Document/CstmrCdtTrfInitn/PmtInf/CdtTrfTxInf/RmtInf/Strd/RfrdDocInf/RltdDt;0010;C;;;;000;000;;;;;INHERITED_FROM_PARENT;ACTIVE;;Date associated with referred document
PAYM;Z_PT_CGI_XML_CT_V9;000;N_1244295500;N_7808319830;000;ATOM;-;/Document/CstmrCdtTrfInitn/PmtInf/CdtTrfTxInf/RmtInf/Strd/RfrdDocInf/RltdDt/:atom:-;/Document/CstmrCdtTrfInitn/PmtInf/CdtTrfTxInf/RmtInf/Strd/RfrdDocInf/RltdDt/:atom:-;0001;C;;;;004;000;-;;;;INHERITED_FROM_PARENT;ACTIVE;;
PAYM;Z_PT_CGI_XML_CT_V9;000;N_2470229030;N_7808319830;000;ATOM;-;/Document/CstmrCdtTrfInitn/PmtInf/CdtTrfTxInf/RmtInf/Strd/RfrdDocInf/RltdDt/:atom:-;/Document/CstmrCdtTrfInitn/PmtInf/CdtTrfTxInf/RmtInf/Strd/RfrdDocInf/RltdDt/:atom:-;0001;C;;;;007;000;-;;;;INHERITED_FROM_PARENT;ACTIVE;;
PAYM;Z_PT_CGI_XML_CT_V9;000;N_2331460230;N_7808319830;000;ATOM;DD;/Document/CstmrCdtTrfInitn/PmtInf/CdtTrfTxInf/RmtInf/Strd/RfrdDocInf/RltdDt/:atom:DD;/Document/CstmrCdtTrfInitn/PmtInf/CdtTrfTxInf/RmtInf/Strd/RfrdDocInf/RltdDt/:atom:DD;0002;C;;FPAYP;BLDAT+006;008;000;;;;;INHERITED_FROM_PARENT;ACTIVE;;
PAYM;Z_PT_CGI_XML_CT_V9;000;N_8883987530;N_7808319830;000;ATOM;MM;/Document/CstmrCdtTrfInitn/PmtInf/CdtTrfTxInf/RmtInf/Strd/RfrdDocInf/RltdDt/:atom:MM;/Document/CstmrCdtTrfInitn/PmtInf/CdtTrfTxInf/RmtInf/Strd/RfrdDocInf/RltdDt/:atom:MM;0002;C;;FPAYP;BLDAT+004;005;000;;;;;INHERITED_FROM_PARENT;ACTIVE;;
PAYM;Z_PT_CGI_XML_CT_V9;000;N_7732462680;N_7808319830;000;ATOM;YYYY;/Document/CstmrCdtTrfInitn/PmtInf/CdtTrfTxInf/RmtInf/Strd/RfrdDocInf/RltdDt/:atom:YYYY;/Document/CstmrCdtTrfInitn/PmtInf/CdtTrfTxInf/RmtInf/Strd/RfrdDocInf/RltdDt/:atom:YYYY;0004;C;;FPAYP;BLDAT;000;000;;;;;INHERITED_FROM_PARENT;ACTIVE;;
PAYM;Z_PT_CGI_XML_CT_V9;000;N_2160261210;N_0567037050;004;ELEM;Tp;/Document/CstmrCdtTrfInitn/PmtInf/CdtTrfTxInf/RmtInf/Strd/RfrdDocInf/Tp;/Document/CstmrCdtTrfInitn/PmtInf/CdtTrfTxInf/RmtInf/Strd/RfrdDocInf/Tp;0000;C;;;;000;000;;;;;INHERITED_FROM_PARENT;ACTIVE;;Specifies type of referred document
PAYM;Z_PT_CGI_XML_CT_V9;000;N_7739259110;N_2160261210;004;ELEM;CdOrPrtry;/Document/CstmrCdtTrfInitn/PmtInf/CdtTrfTxInf/RmtInf/Strd/RfrdDocInf/Tp/CdOrPrtry;/Document/CstmrCdtTrfInitn/PmtInf/CdtTrfTxInf/RmtInf/Strd/RfrdDocInf/Tp/CdOrPrtry;0000;C;;;;000;000;;;;;INHERITED_FROM_PARENT;ACTIVE;;Provides type details of referred document
PAYM;Z_PT_CGI_XML_CT_V9;000;N_9877006100;N_7739259110;004;ELEM;Cd;/Document/CstmrCdtTrfInitn/PmtInf/CdtTrfTxInf/RmtInf/Strd/RfrdDocInf/Tp/CdOrPrtry/Cd;/Document/CstmrCdtTrfInitn/PmtInf/CdtTrfTxInf/RmtInf/Strd/RfrdDocInf/Tp/CdOrPrtry/Cd;0004;C;;;;000;000;;;;;INHERITED_FROM_PARENT;ACTIVE;;Document type in coded form
PAYM;Z_PT_CGI_XML_CT_V9;000;N_2387193050;N_9877006100;000;ATOM;CINV;/Document/CstmrCdtTrfInitn/PmtInf/CdtTrfTxInf/RmtInf/Strd/RfrdDocInf/Tp/CdOrPrtry/Cd/:atom:CINV;/Document/CstmrCdtTrfInitn/PmtInf/CdtTrfTxInf/RmtInf/Strd/RfrdDocInf/Tp/CdOrPrtry/Cd/:atom:CINV;0000;C;;;;000;000;CINV;;;FPAYP-WRBTR > 0;INHERITED_FROM_PARENT;ACTIVE;;
PAYM;Z_PT_CGI_XML_CT_V9;000;N_0479630600;N_9877006100;000;ATOM;CREN;/Document/CstmrCdtTrfInitn/PmtInf/CdtTrfTxInf/RmtInf/Strd/RfrdDocInf/Tp/CdOrPrtry/Cd/:atom:CREN;/Document/CstmrCdtTrfInitn/PmtInf/CdtTrfTxInf/RmtInf/Strd/RfrdDocInf/Tp/CdOrPrtry/Cd/:atom:CREN;0000;C;;;;000;000;CREN;;;FPAYP-WRBTR < 0;INHERITED_FROM_PARENT;ACTIVE;;
PAYM;Z_PT_CGI_XML_CT_V9;000;N_2890310560;N_9398268840;003;ELEM;Ustrd;/Document/CstmrCdtTrfInitn/PmtInf/CdtTrfTxInf/RmtInf/Ustrd;/Document/CstmrCdtTrfInitn/PmtInf/CdtTrfTxInf/RmtInf/Ustrd;0140;C;02;DMEE_PAYD;TEXT;000;000;;;;FPM_CGI-STRD = SPACE;INHERITED_FROM_PARENT;ACTIVE;;Information to match entry with items that payment is intended to settle
PAYM;Z_PT_CGI_XML_CT_V9;000;N_0790520900;N_2890310560;000;ATOM;PAYD3;/Document/CstmrCdtTrfInitn/PmtInf/CdtTrfTxInf/RmtInf/Ustrd/:atom:PAYD3;/Document/CstmrCdtTrfInitn/PmtInf/CdtTrfTxInf/RmtInf/Ustrd/:atom:PAYD3;0012;C;;DMEE_PAYD;TEXT;000;000;;;;;INHERITED_FROM_PARENT;ACTIVE;;
PAYM;Z_PT_CGI_XML_CT_V9;000;N_2846741400;N_2890310560;000;ATOM;REFERENCE1;/Document/CstmrCdtTrfInitn/PmtInf/CdtTrfTxInf/RmtInf/Ustrd/:atom:REFERENCE1;/Document/CstmrCdtTrfInitn/PmtInf/CdtTrfTxInf/RmtInf/Ustrd/:atom:REFERENCE1;0032;C;;DMEE_PAYD;TEXT;000;000;;;;;INHERITED_FROM_PARENT;ACTIVE;;
PAYM;Z_PT_CGI_XML_CT_V9;000;N_8542755050;N_2890310560;000;ATOM;REFERENCE2;/Document/CstmrCdtTrfInitn/PmtInf/CdtTrfTxInf/RmtInf/Ustrd/:atom:REFERENCE2;/Document/CstmrCdtTrfInitn/PmtInf/CdtTrfTxInf/RmtInf/Ustrd/:atom:REFERENCE2;0032;C;;DMEE_PAYD;TEXT;000;000;;;;;INHERITED_FROM_PARENT;ACTIVE;;
PAYM;Z_PT_CGI_XML_CT_V9;000;N_5957189320;N_2890310560;000;ATOM;REFERENCE3;/Document/CstmrCdtTrfInitn/PmtInf/CdtTrfTxInf/RmtInf/Ustrd/:atom:REFERENCE3;/Document/CstmrCdtTrfInitn/PmtInf/CdtTrfTxInf/RmtInf/Ustrd/:atom:REFERENCE3;0032;C;;DMEE_PAYD;TEXT;000;000;;;;;INHERITED_FROM_PARENT;ACTIVE;;
PAYM;Z_PT_CGI_XML_CT_V9;000;N_4797712660;N_2890310560;000;ATOM;REFERENCE4;/Document/CstmrCdtTrfInitn/PmtInf/CdtTrfTxInf/RmtInf/Ustrd/:atom:REFERENCE4;/Document/CstmrCdtTrfInitn/PmtInf/CdtTrfTxInf/RmtInf/Ustrd/:atom:REFERENCE4;0032;C;;DMEE_PAYD;TEXT;000;000;;;;;INHERITED_FROM_PARENT;ACTIVE;;
PAYM;Z_PT_CGI_XML_CT_V9;000;N_2019747900;N_7436948640;003;ELEM;Tax;/Document/CstmrCdtTrfInitn/PmtInf/CdtTrfTxInf/Tax;/Document/CstmrCdtTrfInitn/PmtInf/CdtTrfTxInf/Tax;0000;C;;;;000;000;;;;FPAYH-DORIGIN <> 'HR-PY' AND FPAYHX-REF03+0(1) <> 'S';REDEFINED_IN_TREE;ACTIVE;;Provides details on tax
PAYM;Z_PT_CGI_XML_CT_V9;000;N_2282708140;N_2019747900;003;ELEM;AdmstnZn;/Document/CstmrCdtTrfInitn/PmtInf/CdtTrfTxInf/Tax/AdmstnZn;/Document/CstmrCdtTrfInitn/PmtInf/CdtTrfTxInf/Tax/AdmstnZn;0000;C;;;;000;000;;;;;INHERITED_FROM_PARENT;ACTIVE;;Territorial part of country to which tax payment is related
PAYM;Z_PT_CGI_XML_CT_V9;000;N_1053156770;N_2019747900;003;ELEM;Cdtr;/Document/CstmrCdtTrfInitn/PmtInf/CdtTrfTxInf/Tax/Cdtr;/Document/CstmrCdtTrfInitn/PmtInf/CdtTrfTxInf/Tax/Cdtr;0000;C;;;;000;000;;;;;INHERITED_FROM_PARENT;ACTIVE;;Party on credit side of transaction to which tax applies
PAYM;Z_PT_CGI_XML_CT_V9;000;N_8325582290;N_1053156770;003;ELEM;RegnId;/Document/CstmrCdtTrfInitn/PmtInf/CdtTrfTxInf/Tax/Cdtr/RegnId;/Document/CstmrCdtTrfInitn/PmtInf/CdtTrfTxInf/Tax/Cdtr/RegnId;0000;C;;;;000;000;;;;;INHERITED_FROM_PARENT;ACTIVE;;Unique identification, as assigned by organisation, to identify party
PAYM;Z_PT_CGI_XML_CT_V9;000;N_8503860660;N_1053156770;003;ELEM;TaxId;/Document/CstmrCdtTrfInitn/PmtInf/CdtTrfTxInf/Tax/Cdtr/TaxId;/Document/CstmrCdtTrfInitn/PmtInf/CdtTrfTxInf/Tax/Cdtr/TaxId;0020;C;;FPAYHX;REF12+010;000;000;;;;;INHERITED_FROM_PARENT;ACTIVE;;Tax identification number of creditor
PAYM;Z_PT_CGI_XML_CT_V9;000;N_0013296470;N_1053156770;003;ELEM;TaxTp;/Document/CstmrCdtTrfInitn/PmtInf/CdtTrfTxInf/Tax/Cdtr/TaxTp;/Document/CstmrCdtTrfInitn/PmtInf/CdtTrfTxInf/Tax/Cdtr/TaxTp;0000;C;;;;000;000;;;;;INHERITED_FROM_PARENT;ACTIVE;;Type of tax payer
PAYM;Z_PT_CGI_XML_CT_V9;000;N_4865981290;N_2019747900;003;ELEM;Dbtr;/Document/CstmrCdtTrfInitn/PmtInf/CdtTrfTxInf/Tax/Dbtr;/Document/CstmrCdtTrfInitn/PmtInf/CdtTrfTxInf/Tax/Dbtr;0000;C;;;;000;000;;;;;INHERITED_FROM_PARENT;ACTIVE;;Party on debit side of transaction to which tax applies
PAYM;Z_PT_CGI_XML_CT_V9;000;N_0398127560;N_4865981290;003;ELEM;Authstn;/Document/CstmrCdtTrfInitn/PmtInf/CdtTrfTxInf/Tax/Dbtr/Authstn;/Document/CstmrCdtTrfInitn/PmtInf/CdtTrfTxInf/Tax/Dbtr/Authstn;0000;C;;;;000;000;;;;;INHERITED_FROM_PARENT;ACTIVE;;Details of authorised tax paying party
PAYM;Z_PT_CGI_XML_CT_V9;000;N_4772919910;N_0398127560;003;ELEM;Nm;/Document/CstmrCdtTrfInitn/PmtInf/CdtTrfTxInf/Tax/Dbtr/Authstn/Nm;/Document/CstmrCdtTrfInitn/PmtInf/CdtTrfTxInf/Tax/Dbtr/Authstn/Nm;0000;C;;;;000;000;;;;;INHERITED_FROM_PARENT;ACTIVE;;Name of debtor or debtor's authorised representative
PAYM;Z_PT_CGI_XML_CT_V9;000;N_4382918130;N_0398127560;003;ELEM;Titl;/Document/CstmrCdtTrfInitn/PmtInf/CdtTrfTxInf/Tax/Dbtr/Authstn/Titl;/Document/CstmrCdtTrfInitn/PmtInf/CdtTrfTxInf/Tax/Dbtr/Authstn/Titl;0000;C;;;;000;000;;;;;INHERITED_FROM_PARENT;ACTIVE;;Title or position of debtor or debtor's authorised representative
PAYM;Z_PT_CGI_XML_CT_V9;000;N_8697145830;N_4865981290;003;ELEM;RegnId;/Document/CstmrCdtTrfInitn/PmtInf/CdtTrfTxInf/Tax/Dbtr/RegnId;/Document/CstmrCdtTrfInitn/PmtInf/CdtTrfTxInf/Tax/Dbtr/RegnId;0000;C;;;;000;000;;;;;INHERITED_FROM_PARENT;ACTIVE;;Unique identification, as assigned by organisation, to identify party
PAYM;Z_PT_CGI_XML_CT_V9;000;N_5406586790;N_4865981290;003;ELEM;TaxId;/Document/CstmrCdtTrfInitn/PmtInf/CdtTrfTxInf/Tax/Dbtr/TaxId;/Document/CstmrCdtTrfInitn/PmtInf/CdtTrfTxInf/Tax/Dbtr/TaxId;0000;C;;FPAYHX;STCEG;000;000;;;;;INHERITED_FROM_PARENT;ACTIVE;;Tax identification number of debtor
PAYM;Z_PT_CGI_XML_CT_V9;000;N_6610903230;N_4865981290;003;ELEM;TaxTp;/Document/CstmrCdtTrfInitn/PmtInf/CdtTrfTxInf/Tax/Dbtr/TaxTp;/Document/CstmrCdtTrfInitn/PmtInf/CdtTrfTxInf/Tax/Dbtr/TaxTp;0000;C;;;;000;000;;;;;INHERITED_FROM_PARENT;ACTIVE;;Type of tax payer
PAYM;Z_PT_CGI_XML_CT_V9;000;N_9656188230;N_2019747900;003;ELEM;Dt;/Document/CstmrCdtTrfInitn/PmtInf/CdtTrfTxInf/Tax/Dt;/Document/CstmrCdtTrfInitn/PmtInf/CdtTrfTxInf/Tax/Dt;0010;C;;;;000;000;;;;;INHERITED_FROM_PARENT;ACTIVE;;Date by which tax is due
PAYM;Z_PT_CGI_XML_CT_V9;000;N_2411314610;N_9656188230;000;ATOM;-;/Document/CstmrCdtTrfInitn/PmtInf/CdtTrfTxInf/Tax/Dt/:atom:-;/Document/CstmrCdtTrfInitn/PmtInf/CdtTrfTxInf/Tax/Dt/:atom:-;0001;C;;;;004;000;-;;;;INHERITED_FROM_PARENT;ACTIVE;;
PAYM;Z_PT_CGI_XML_CT_V9;000;N_6693035020;N_9656188230;000;ATOM;-;/Document/CstmrCdtTrfInitn/PmtInf/CdtTrfTxInf/Tax/Dt/:atom:-;/Document/CstmrCdtTrfInitn/PmtInf/CdtTrfTxInf/Tax/Dt/:atom:-;0001;C;;;;007;000;-;;;;INHERITED_FROM_PARENT;ACTIVE;;
PAYM;Z_PT_CGI_XML_CT_V9;000;N_3884249250;N_9656188230;000;ATOM;DD;/Document/CstmrCdtTrfInitn/PmtInf/CdtTrfTxInf/Tax/Dt/:atom:DD;/Document/CstmrCdtTrfInitn/PmtInf/CdtTrfTxInf/Tax/Dt/:atom:DD;0002;C;;SYST;DATLO+006;008;000;;;;;INHERITED_FROM_PARENT;ACTIVE;;
PAYM;Z_PT_CGI_XML_CT_V9;000;N_7949694830;N_9656188230;000;ATOM;MM;/Document/CstmrCdtTrfInitn/PmtInf/CdtTrfTxInf/Tax/Dt/:atom:MM;/Document/CstmrCdtTrfInitn/PmtInf/CdtTrfTxInf/Tax/Dt/:atom:MM;0002;C;;SYST;DATLO+004;005;000;;;;;INHERITED_FROM_PARENT;ACTIVE;;
PAYM;Z_PT_CGI_XML_CT_V9;000;N_1123411140;N_9656188230;000;ATOM;YYYY;/Document/CstmrCdtTrfInitn/PmtInf/CdtTrfTxInf/Tax/Dt/:atom:YYYY;/Document/CstmrCdtTrfInitn/PmtInf/CdtTrfTxInf/Tax/Dt/:atom:YYYY;0004;C;;SYST;DATLO;000;000;;;;;INHERITED_FROM_PARENT;ACTIVE;;
PAYM;Z_PT_CGI_XML_CT_V9;000;N_8190535110;N_2019747900;003;ELEM;Mtd;/Document/CstmrCdtTrfInitn/PmtInf/CdtTrfTxInf/Tax/Mtd;/Document/CstmrCdtTrfInitn/PmtInf/CdtTrfTxInf/Tax/Mtd;0002;C;;FPAYP;REF02;000;000;;;;;INHERITED_FROM_PARENT;ACTIVE;;Method used to indicate underlying business or how tax is paid
PAYM;Z_PT_CGI_XML_CT_V9;000;N_1198274540;N_2019747900;003;ELEM;Rcrd;/Document/CstmrCdtTrfInitn/PmtInf/CdtTrfTxInf/Tax/Rcrd;/Document/CstmrCdtTrfInitn/PmtInf/CdtTrfTxInf/Tax/Rcrd;0000;C;;;;000;000;;;;;INHERITED_FROM_PARENT;ACTIVE;;Record of details
PAYM;Z_PT_CGI_XML_CT_V9;000;N_9712614550;N_1198274540;003;ELEM;AddtlInf;/Document/CstmrCdtTrfInitn/PmtInf/CdtTrfTxInf/Tax/Rcrd/AddtlInf;/Document/CstmrCdtTrfInitn/PmtInf/CdtTrfTxInf/Tax/Rcrd/AddtlInf;0140;C;;;;000;000;;;;;INHERITED_FROM_PARENT;ACTIVE;;Further details of tax record
PAYM;Z_PT_CGI_XML_CT_V9;000;N_9758931670;N_1198274540;003;ELEM;CertId;/Document/CstmrCdtTrfInitn/PmtInf/CdtTrfTxInf/Tax/Rcrd/CertId;/Document/CstmrCdtTrfInitn/PmtInf/CdtTrfTxInf/Tax/Rcrd/CertId;0000;C;;;;000;000;;;;;INHERITED_FROM_PARENT;ACTIVE;;Identification number of report as assigned by axing authority
PAYM;Z_PT_CGI_XML_CT_V9;000;N_9247934140;N_1198274540;003;ELEM;Ctgy;/Document/CstmrCdtTrfInitn/PmtInf/CdtTrfTxInf/Tax/Rcrd/Ctgy;/Document/CstmrCdtTrfInitn/PmtInf/CdtTrfTxInf/Tax/Rcrd/Ctgy;0002;C;;FPAYP;REF02+020;000;000;;;;;INHERITED_FROM_PARENT;ACTIVE;;Specifies tax code as published by tax authority
PAYM;Z_PT_CGI_XML_CT_V9;000;N_5215135230;N_1198274540;003;ELEM;CtgyDtls;/Document/CstmrCdtTrfInitn/PmtInf/CdtTrfTxInf/Tax/Rcrd/CtgyDtls;/Document/CstmrCdtTrfInitn/PmtInf/CdtTrfTxInf/Tax/Rcrd/CtgyDtls;0035;C;;FPAYP;REF02+030;000;000;;;;;INHERITED_FROM_PARENT;ACTIVE;;Provides further details of category tax code
PAYM;Z_PT_CGI_XML_CT_V9;000;N_3815690100;N_1198274540;003;ELEM;DbtrSts;/Document/CstmrCdtTrfInitn/PmtInf/CdtTrfTxInf/Tax/Rcrd/DbtrSts;/Document/CstmrCdtTrfInitn/PmtInf/CdtTrfTxInf/Tax/Rcrd/DbtrSts;0000;C;;;;000;000;;;;;INHERITED_FROM_PARENT;ACTIVE;;Code provided by local authority to identify status of party
PAYM;Z_PT_CGI_XML_CT_V9;000;N_5859749970;N_1198274540;003;ELEM;FrmsCd;/Document/CstmrCdtTrfInitn/PmtInf/CdtTrfTxInf/Tax/Rcrd/FrmsCd;/Document/CstmrCdtTrfInitn/PmtInf/CdtTrfTxInf/Tax/Rcrd/FrmsCd;0002;C;;FPAYP;REF02+070;000;000;;;;;INHERITED_FROM_PARENT;ACTIVE;;Identifies, in coded form, on which template tax report is to be provided
PAYM;Z_PT_CGI_XML_CT_V9;000;N_7032356680;N_1198274540;003;ELEM;Prd;/Document/CstmrCdtTrfInitn/PmtInf/CdtTrfTxInf/Tax/Rcrd/Prd;/Document/CstmrCdtTrfInitn/PmtInf/CdtTrfTxInf/Tax/Rcrd/Prd;0000;C;;;;000;000;;;;;INHERITED_FROM_PARENT;ACTIVE;;Set of elements with details on period of time related to tax payment
PAYM;Z_PT_CGI_XML_CT_V9;000;N_0012113790;N_7032356680;003;ELEM;FrToDt;/Document/CstmrCdtTrfInitn/PmtInf/CdtTrfTxInf/Tax/Rcrd/Prd/FrToDt;/Document/CstmrCdtTrfInitn/PmtInf/CdtTrfTxInf/Tax/Rcrd/Prd/FrToDt;0000;C;;;;000;000;;;;;INHERITED_FROM_PARENT;ACTIVE;;Range of time between start and end date for which tax report is provided
PAYM;Z_PT_CGI_XML_CT_V9;000;N_5270308030;N_0012113790;003;ELEM;FrDt;/Document/CstmrCdtTrfInitn/PmtInf/CdtTrfTxInf/Tax/Rcrd/Prd/FrToDt/FrDt;/Document/CstmrCdtTrfInitn/PmtInf/CdtTrfTxInf/Tax/Rcrd/Prd/FrToDt/FrDt;0000;C;;;;000;000;;;;;INHERITED_FROM_PARENT;ACTIVE;;Start date of range
PAYM;Z_PT_CGI_XML_CT_V9;000;N_7000120680;N_0012113790;003;ELEM;ToDt;/Document/CstmrCdtTrfInitn/PmtInf/CdtTrfTxInf/Tax/Rcrd/Prd/FrToDt/ToDt;/Document/CstmrCdtTrfInitn/PmtInf/CdtTrfTxInf/Tax/Rcrd/Prd/FrToDt/ToDt;0000;C;;;;000;000;;;;;INHERITED_FROM_PARENT;ACTIVE;;End date of range
PAYM;Z_PT_CGI_XML_CT_V9;000;N_2567569760;N_7032356680;003;ELEM;Tp;/Document/CstmrCdtTrfInitn/PmtInf/CdtTrfTxInf/Tax/Rcrd/Prd/Tp;/Document/CstmrCdtTrfInitn/PmtInf/CdtTrfTxInf/Tax/Rcrd/Prd/Tp;0000;C;;;;000;000;;;;;INHERITED_FROM_PARENT;ACTIVE;;Identification of period related to tax payment
PAYM;Z_PT_CGI_XML_CT_V9;000;N_4636224840;N_7032356680;003;ELEM;Yr;/Document/CstmrCdtTrfInitn/PmtInf/CdtTrfTxInf/Tax/Rcrd/Prd/Yr;/Document/CstmrCdtTrfInitn/PmtInf/CdtTrfTxInf/Tax/Rcrd/Prd/Yr;0000;C;;;;000;000;;;;;INHERITED_FROM_PARENT;ACTIVE;;Year related to tax payment
PAYM;Z_PT_CGI_XML_CT_V9;000;N_5121435700;N_1198274540;003;ELEM;TaxAmt;/Document/CstmrCdtTrfInitn/PmtInf/CdtTrfTxInf/Tax/Rcrd/TaxAmt;/Document/CstmrCdtTrfInitn/PmtInf/CdtTrfTxInf/Tax/Rcrd/TaxAmt;0000;C;;;;000;000;;;;;INHERITED_FROM_PARENT;ACTIVE;;Set of elements used to provide information on amount of tax record
PAYM;Z_PT_CGI_XML_CT_V9;000;N_7743574570;N_5121435700;003;ELEM;Rate;/Document/CstmrCdtTrfInitn/PmtInf/CdtTrfTxInf/Tax/Rcrd/TaxAmt/Rate;/Document/CstmrCdtTrfInitn/PmtInf/CdtTrfTxInf/Tax/Rcrd/TaxAmt/Rate;0009;C;;FPAYP;REF02+080;000;000;;;;;INHERITED_FROM_PARENT;ACTIVE;;Rate used to calculate tax
PAYM;Z_PT_CGI_XML_CT_V9;000;N_0311629640;N_5121435700;003;ELEM;TaxblBaseAmt;/Document/CstmrCdtTrfInitn/PmtInf/CdtTrfTxInf/Tax/Rcrd/TaxAmt/TaxblBaseAmt;/Document/CstmrCdtTrfInitn/PmtInf/CdtTrfTxInf/Tax/Rcrd/TaxAmt/TaxblBaseAmt;0015;C;;FPAYHX;REF07+090(15);000;000;;;;;INHERITED_FROM_PARENT;ACTIVE;;Amount of money on which tax is based
PAYM;Z_PT_CGI_XML_CT_V9;000;N_2986366170;N_0311629640;000;XMAT;Ccy;/Document/CstmrCdtTrfInitn/PmtInf/CdtTrfTxInf/Tax/Rcrd/TaxAmt/TaxblBaseAmt/@Ccy;/Document/CstmrCdtTrfInitn/PmtInf/CdtTrfTxInf/Tax/Rcrd/TaxAmt/TaxblBaseAmt/@Ccy;0000;C;;FPAYHX;HWISO;000;000;;;;;INHERITED_FROM_PARENT;ACTIVE;;Medium of exchange of currency
PAYM;Z_PT_CGI_XML_CT_V9;000;N_5429073920;N_5121435700;003;ELEM;TtlAmt;/Document/CstmrCdtTrfInitn/PmtInf/CdtTrfTxInf/Tax/Rcrd/TaxAmt/TtlAmt;/Document/CstmrCdtTrfInitn/PmtInf/CdtTrfTxInf/Tax/Rcrd/TaxAmt/TtlAmt;0015;C;;FPAYHX;REF07+070(15);000;000;;;;;INHERITED_FROM_PARENT;ACTIVE;;Total amount that is result of calculation of tax for record
PAYM;Z_PT_CGI_XML_CT_V9;000;N_2103827770;N_5429073920;000;XMAT;Ccy;/Document/CstmrCdtTrfInitn/PmtInf/CdtTrfTxInf/Tax/Rcrd/TaxAmt/TtlAmt/@Ccy;/Document/CstmrCdtTrfInitn/PmtInf/CdtTrfTxInf/Tax/Rcrd/TaxAmt/TtlAmt/@Ccy;0000;C;;FPAYHX;HWISO;000;000;;;;;INHERITED_FROM_PARENT;ACTIVE;;Medium of exchange of currency
PAYM;Z_PT_CGI_XML_CT_V9;000;N_5074801980;N_1198274540;003;ELEM;Tp;/Document/CstmrCdtTrfInitn/PmtInf/CdtTrfTxInf/Tax/Rcrd/Tp;/Document/CstmrCdtTrfInitn/PmtInf/CdtTrfTxInf/Tax/Rcrd/Tp;0003;C;;;;000;000;WHT;;;;INHERITED_FROM_PARENT;ACTIVE;;High level code to identify type of tax details
PAYM;Z_PT_CGI_XML_CT_V9;000;N_8540410860;N_2019747900;003;ELEM;RefNb;/Document/CstmrCdtTrfInitn/PmtInf/CdtTrfTxInf/Tax/RefNb;/Document/CstmrCdtTrfInitn/PmtInf/CdtTrfTxInf/Tax/RefNb;0000;C;;FPAYP;XBLNR;000;000;;;;;INHERITED_FROM_PARENT;ACTIVE;;Tax reference information that is specific to taxing agency
PAYM;Z_PT_CGI_XML_CT_V9;000;N_3858801480;N_2019747900;003;ELEM;SeqNb;/Document/CstmrCdtTrfInitn/PmtInf/CdtTrfTxInf/Tax/SeqNb;/Document/CstmrCdtTrfInitn/PmtInf/CdtTrfTxInf/Tax/SeqNb;0010;C;;FPAYP;REF02+010;000;000;;;;;INHERITED_FROM_PARENT;ACTIVE;;Sequential number of tax report
PAYM;Z_PT_CGI_XML_CT_V9;000;N_5440478690;N_2019747900;003;ELEM;TtlTaxAmt;/Document/CstmrCdtTrfInitn/PmtInf/CdtTrfTxInf/Tax/TtlTaxAmt;/Document/CstmrCdtTrfInitn/PmtInf/CdtTrfTxInf/Tax/TtlTaxAmt;0000;C;;;;000;000;;;;;INHERITED_FROM_PARENT;ACTIVE;;Total amount of money as result of calculation of tax
PAYM;Z_PT_CGI_XML_CT_V9;000;N_1202588970;N_2019747900;003;ELEM;TtlTaxblBaseAmt;/Document/CstmrCdtTrfInitn/PmtInf/CdtTrfTxInf/Tax/TtlTaxblBaseAmt;/Document/CstmrCdtTrfInitn/PmtInf/CdtTrfTxInf/Tax/TtlTaxblBaseAmt;0000;C;;;;000;000;;;;;INHERITED_FROM_PARENT;ACTIVE;;Total amount of money on which tax is based
PAYM;Z_PT_CGI_XML_CT_V9;000;N_6244714230;N_7436948640;003;ELEM;UltmtCdtr;/Document/CstmrCdtTrfInitn/PmtInf/CdtTrfTxInf/UltmtCdtr;/Document/CstmrCdtTrfInitn/PmtInf/CdtTrfTxInf/UltmtCdtr;0000;C;;;;000;000;;;;FPAYP-NAME1 <> FPAYH-ZNME1;INHERITED_FROM_PARENT;ACTIVE;;Ultimate party to which amount of money is due
PAYM;Z_PT_CGI_XML_CT_V9;000;N_8513387720;N_6244714230;003;ELEM;CtryOfRes;/Document/CstmrCdtTrfInitn/PmtInf/CdtTrfTxInf/UltmtCdtr/CtryOfRes;/Document/CstmrCdtTrfInitn/PmtInf/CdtTrfTxInf/UltmtCdtr/CtryOfRes;0000;C;;;;000;000;;;;FPAYHX-REF03+0(1) <> 'S';REDEFINED_IN_TREE;ACTIVE;;Country in/from which person resides, affairs of that company are directed
PAYM;Z_PT_CGI_XML_CT_V9;000;N_5511755230;N_6244714230;003;ELEM;Nm;/Document/CstmrCdtTrfInitn/PmtInf/CdtTrfTxInf/UltmtCdtr/Nm;/Document/CstmrCdtTrfInitn/PmtInf/CdtTrfTxInf/UltmtCdtr/Nm;0070;C;;FPAYP;NAME1;000;000;;;;;INHERITED_FROM_PARENT;ACTIVE;;Name by which party is known and which is usually used to identify party
PAYM;Z_PT_CGI_XML_CT_V9;000;N_6638477150;N_6244714230;003;ELEM;PstlAdr;/Document/CstmrCdtTrfInitn/PmtInf/CdtTrfTxInf/UltmtCdtr/PstlAdr;/Document/CstmrCdtTrfInitn/PmtInf/CdtTrfTxInf/UltmtCdtr/PstlAdr;0000;C;;;;000;000;;;;FPAYHX-REF03+0(1) <> 'S';REDEFINED_IN_TREE;ACTIVE;;Information that locates and identifies specific address by postal services
PAYM;Z_PT_CGI_XML_CT_V9;000;N_8621246550;N_6638477150;003;ELEM;AdrLine;/Document/CstmrCdtTrfInitn/PmtInf/CdtTrfTxInf/UltmtCdtr/PstlAdr/AdrLine;/Document/CstmrCdtTrfInitn/PmtInf/CdtTrfTxInf/UltmtCdtr/PstlAdr/AdrLine;0000;C;;;;000;000;;;;;DEACTIVATED_IN_TREE;DEACTIVATED;;Information that locates and identifies specific address in free format
PAYM;Z_PT_CGI_XML_CT_V9;000;N_3524682840;N_6638477150;003;ELEM;BldgNb;/Document/CstmrCdtTrfInitn/PmtInf/CdtTrfTxInf/UltmtCdtr/PstlAdr/BldgNb;/Document/CstmrCdtTrfInitn/PmtInf/CdtTrfTxInf/UltmtCdtr/PstlAdr/BldgNb;0000;C;;FPAYHX;REF08+060(10);000;000;;;;;INHERITED_FROM_PARENT;ACTIVE;;Number that identifies position of building on street
PAYM;Z_PT_CGI_XML_CT_V9;000;N_0911906471;N_6638477150;003;ELEM;BldgNm;/Document/CstmrCdtTrfInitn/PmtInf/CdtTrfTxInf/UltmtCdtr/PstlAdr/BldgNm;/Document/CstmrCdtTrfInitn/PmtInf/CdtTrfTxInf/UltmtCdtr/PstlAdr/BldgNm;0000;C;;;;000;000;;;;;INHERITED_FROM_PARENT;ACTIVE;;Name of the building or house
PAYM;Z_PT_CGI_XML_CT_V9;000;N_0502498050;N_6638477150;003;ELEM;Ctry;/Document/CstmrCdtTrfInitn/PmtInf/CdtTrfTxInf/UltmtCdtr/PstlAdr/Ctry;/Document/CstmrCdtTrfInitn/PmtInf/CdtTrfTxInf/UltmtCdtr/PstlAdr/Ctry;0000;C;;FPAYHX;REF08+125(5);000;000;;;;;INHERITED_FROM_PARENT;ACTIVE;;Nation with its own government
PAYM;Z_PT_CGI_XML_CT_V9;000;N_8433463140;N_6638477150;003;ELEM;CtrySubDvsn;/Document/CstmrCdtTrfInitn/PmtInf/CdtTrfTxInf/UltmtCdtr/PstlAdr/CtrySubDvsn;/Document/CstmrCdtTrfInitn/PmtInf/CdtTrfTxInf/UltmtCdtr/PstlAdr/CtrySubDvsn;0005;C;;FPAYHX;REF08+120(5);000;000;;;;;INHERITED_FROM_PARENT;ACTIVE;;Identifies subdivision of country such as state, region, county
PAYM;Z_PT_CGI_XML_CT_V9;000;N_6149974960;N_6638477150;003;ELEM;Dept;/Document/CstmrCdtTrfInitn/PmtInf/CdtTrfTxInf/UltmtCdtr/PstlAdr/Dept;/Document/CstmrCdtTrfInitn/PmtInf/CdtTrfTxInf/UltmtCdtr/PstlAdr/Dept;0000;C;;;;000;000;;;;;INHERITED_FROM_PARENT;ACTIVE;;Identification of division of large organisation or building
PAYM;Z_PT_CGI_XML_CT_V9;000;N_0450042821;N_6638477150;003;ELEM;DstrctNm;/Document/CstmrCdtTrfInitn/PmtInf/CdtTrfTxInf/UltmtCdtr/PstlAdr/DstrctNm;/Document/CstmrCdtTrfInitn/PmtInf/CdtTrfTxInf/UltmtCdtr/PstlAdr/DstrctNm;0000;C;;;;000;000;;;;;INHERITED_FROM_PARENT;ACTIVE;;Identifies a subdivision within a country subdivision
PAYM;Z_PT_CGI_XML_CT_V9;000;N_0217358455;N_6638477150;003;ELEM;Flr;/Document/CstmrCdtTrfInitn/PmtInf/CdtTrfTxInf/UltmtCdtr/PstlAdr/Flr;/Document/CstmrCdtTrfInitn/PmtInf/CdtTrfTxInf/UltmtCdtr/PstlAdr/Flr;0000;C;;;;000;000;;;;;INHERITED_FROM_PARENT;ACTIVE;;Floor or storey within a building
PAYM;Z_PT_CGI_XML_CT_V9;000;N_0441384122;N_6638477150;003;ELEM;PstBx;/Document/CstmrCdtTrfInitn/PmtInf/CdtTrfTxInf/UltmtCdtr/PstlAdr/PstBx;/Document/CstmrCdtTrfInitn/PmtInf/CdtTrfTxInf/UltmtCdtr/PstlAdr/PstBx;0000;C;;;;000;000;;;;;INHERITED_FROM_PARENT;ACTIVE;;Numbered box in a post office
PAYM;Z_PT_CGI_XML_CT_V9;000;N_4679868560;N_6638477150;003;ELEM;PstCd;/Document/CstmrCdtTrfInitn/PmtInf/CdtTrfTxInf/UltmtCdtr/PstlAdr/PstCd;/Document/CstmrCdtTrfInitn/PmtInf/CdtTrfTxInf/UltmtCdtr/PstlAdr/PstCd;0000;C;;FPAYHX;REF08+070(10);000;000;;;;;INHERITED_FROM_PARENT;ACTIVE;;Identifier added to postal address to assist sorting of mail
PAYM;Z_PT_CGI_XML_CT_V9;000;N_0592795292;N_6638477150;003;ELEM;Room;/Document/CstmrCdtTrfInitn/PmtInf/CdtTrfTxInf/UltmtCdtr/PstlAdr/Room;/Document/CstmrCdtTrfInitn/PmtInf/CdtTrfTxInf/UltmtCdtr/PstlAdr/Room;0000;C;;;;000;000;;;;;INHERITED_FROM_PARENT;ACTIVE;;Building room number
PAYM;Z_PT_CGI_XML_CT_V9;000;N_3606239500;N_6638477150;003;ELEM;StrtNm;/Document/CstmrCdtTrfInitn/PmtInf/CdtTrfTxInf/UltmtCdtr/PstlAdr/StrtNm;/Document/CstmrCdtTrfInitn/PmtInf/CdtTrfTxInf/UltmtCdtr/PstlAdr/StrtNm;0000;C;;FPAYHX;REF08(60);000;000;;;;;INHERITED_FROM_PARENT;ACTIVE;;Name of street or thoroughfare
PAYM;Z_PT_CGI_XML_CT_V9;000;N_9464400330;N_6638477150;003;ELEM;SubDept;/Document/CstmrCdtTrfInitn/PmtInf/CdtTrfTxInf/UltmtCdtr/PstlAdr/SubDept;/Document/CstmrCdtTrfInitn/PmtInf/CdtTrfTxInf/UltmtCdtr/PstlAdr/SubDept;0000;C;;;;000;000;;;;;INHERITED_FROM_PARENT;ACTIVE;;Identification of sub-division of large organisation or building
PAYM;Z_PT_CGI_XML_CT_V9;000;N_0715909869;N_6638477150;003;ELEM;TwnLctnNm;/Document/CstmrCdtTrfInitn/PmtInf/CdtTrfTxInf/UltmtCdtr/PstlAdr/TwnLctnNm;/Document/CstmrCdtTrfInitn/PmtInf/CdtTrfTxInf/UltmtCdtr/PstlAdr/TwnLctnNm;0000;C;;;;000;000;;;;;INHERITED_FROM_PARENT;ACTIVE;;Specific location name within the town
PAYM;Z_PT_CGI_XML_CT_V9;000;N_9833411600;N_6638477150;003;ELEM;TwnNm;/Document/CstmrCdtTrfInitn/PmtInf/CdtTrfTxInf/UltmtCdtr/PstlAdr/TwnNm;/Document/CstmrCdtTrfInitn/PmtInf/CdtTrfTxInf/UltmtCdtr/PstlAdr/TwnNm;0000;C;;FPAYHX;REF08+080(35);000;000;;;;;INHERITED_FROM_PARENT;ACTIVE;;Name of built-up area, with defined boundaries, and local government
PAYM;Z_PT_CGI_XML_CT_V9;000;N_9559561960;N_7436948640;003;ELEM;UltmtDbtr;/Document/CstmrCdtTrfInitn/PmtInf/CdtTrfTxInf/UltmtDbtr;/Document/CstmrCdtTrfInitn/PmtInf/CdtTrfTxInf/UltmtDbtr;0000;C;;;;000;000;;;;FPAYP-BNAME <> FPAYHX-NAMEZ AND FPAYP-ORIGIN <> 'TR-CM-BT';INHERITED_FROM_PARENT;ACTIVE;;Ultimate party that owes amount of money to (ultimate) creditor
PAYM;Z_PT_CGI_XML_CT_V9;000;N_0090509800;N_9559561960;003;ELEM;CtryOfRes;/Document/CstmrCdtTrfInitn/PmtInf/CdtTrfTxInf/UltmtDbtr/CtryOfRes;/Document/CstmrCdtTrfInitn/PmtInf/CdtTrfTxInf/UltmtDbtr/CtryOfRes;0000;C;;FPAYP;BLAND;000;000;;;;FPAYHX-REF03+0(1) <> 'S';REDEFINED_IN_TREE;ACTIVE;;Country in/from which person resides, affairs of that company are directed
PAYM;Z_PT_CGI_XML_CT_V9;000;N_1268060690;N_9559561960;003;ELEM;Id;/Document/CstmrCdtTrfInitn/PmtInf/CdtTrfTxInf/UltmtDbtr/Id;/Document/CstmrCdtTrfInitn/PmtInf/CdtTrfTxInf/UltmtDbtr/Id;0000;C;;;;000;000;;;;1 = SPACE;INHERITED_FROM_PARENT;ACTIVE;;Unique and unambiguous identification of party
PAYM;Z_PT_CGI_XML_CT_V9;000;N_1752452360;N_1268060690;003;ELEM;OrgId;/Document/CstmrCdtTrfInitn/PmtInf/CdtTrfTxInf/UltmtDbtr/Id/OrgId;/Document/CstmrCdtTrfInitn/PmtInf/CdtTrfTxInf/UltmtDbtr/Id/OrgId;0000;C;;;;000;000;;;;;INHERITED_FROM_PARENT;ACTIVE;;Unique and unambiguous way to identify organisation
PAYM;Z_PT_CGI_XML_CT_V9;000;N_1796061020;N_1752452360;003;ELEM;Othr;/Document/CstmrCdtTrfInitn/PmtInf/CdtTrfTxInf/UltmtDbtr/Id/OrgId/Othr;/Document/CstmrCdtTrfInitn/PmtInf/CdtTrfTxInf/UltmtDbtr/Id/OrgId/Othr;0000;C;;;;000;000;;;;;INHERITED_FROM_PARENT;ACTIVE;;Unique id. of organisation, as assigned by institution, using ident. scheme
PAYM;Z_PT_CGI_XML_CT_V9;000;N_6702510840;N_1796061020;003;ELEM;Id;/Document/CstmrCdtTrfInitn/PmtInf/CdtTrfTxInf/UltmtDbtr/Id/OrgId/Othr/Id;/Document/CstmrCdtTrfInitn/PmtInf/CdtTrfTxInf/UltmtDbtr/Id/OrgId/Othr/Id;0035;C;;;;000;000;;;;;INHERITED_FROM_PARENT;ACTIVE;;Identification assigned by institution
PAYM;Z_PT_CGI_XML_CT_V9;000;N_8078650670;N_9559561960;003;ELEM;Nm;/Document/CstmrCdtTrfInitn/PmtInf/CdtTrfTxInf/UltmtDbtr/Nm;/Document/CstmrCdtTrfInitn/PmtInf/CdtTrfTxInf/UltmtDbtr/Nm;0070;C;;FPAYP;BNAME;000;000;;;;;INHERITED_FROM_PARENT;ACTIVE;;Name by which party is known and which is usually used to identify party
PAYM;Z_PT_CGI_XML_CT_V9;000;N_5681433520;N_9559561960;003;ELEM;PstlAdr;/Document/CstmrCdtTrfInitn/PmtInf/CdtTrfTxInf/UltmtDbtr/PstlAdr;/Document/CstmrCdtTrfInitn/PmtInf/CdtTrfTxInf/UltmtDbtr/PstlAdr;0000;C;;;;000;000;;;;FPAYHX-REF03+0(1) <> 'S';REDEFINED_IN_TREE;ACTIVE;;Information that locates and identifies specific address by postal services
PAYM;Z_PT_CGI_XML_CT_V9;000;N_8874758040;N_5681433520;003;ELEM;AdrLine;/Document/CstmrCdtTrfInitn/PmtInf/CdtTrfTxInf/UltmtDbtr/PstlAdr/AdrLine;/Document/CstmrCdtTrfInitn/PmtInf/CdtTrfTxInf/UltmtDbtr/PstlAdr/AdrLine;0000;C;;FPAYP;BSTRAS;000;000;;;;;DEACTIVATED_IN_TREE;DEACTIVATED;;Information that locates and identifies specific address in free format
PAYM;Z_PT_CGI_XML_CT_V9;000;N_0256960330;N_5681433520;003;ELEM;BldgNb;/Document/CstmrCdtTrfInitn/PmtInf/CdtTrfTxInf/UltmtDbtr/PstlAdr/BldgNb;/Document/CstmrCdtTrfInitn/PmtInf/CdtTrfTxInf/UltmtDbtr/PstlAdr/BldgNb;0000;C;;FPAYP;REF01+100(10);000;000;;;;;INHERITED_FROM_PARENT;ACTIVE;;Number that identifies position of building on street
PAYM;Z_PT_CGI_XML_CT_V9;000;N_0030186903;N_5681433520;003;ELEM;BldgNm;/Document/CstmrCdtTrfInitn/PmtInf/CdtTrfTxInf/UltmtDbtr/PstlAdr/BldgNm;/Document/CstmrCdtTrfInitn/PmtInf/CdtTrfTxInf/UltmtDbtr/PstlAdr/BldgNm;0000;C;;;;000;000;;;;;INHERITED_FROM_PARENT;ACTIVE;;Name of the building or house
PAYM;Z_PT_CGI_XML_CT_V9;000;N_9161957110;N_5681433520;003;ELEM;Ctry;/Document/CstmrCdtTrfInitn/PmtInf/CdtTrfTxInf/UltmtDbtr/PstlAdr/Ctry;/Document/CstmrCdtTrfInitn/PmtInf/CdtTrfTxInf/UltmtDbtr/PstlAdr/Ctry;0000;C;;FPAYP;BLAND;000;000;;;;;INHERITED_FROM_PARENT;ACTIVE;;Nation with its own government
PAYM;Z_PT_CGI_XML_CT_V9;000;N_7889023380;N_5681433520;003;ELEM;CtrySubDvsn;/Document/CstmrCdtTrfInitn/PmtInf/CdtTrfTxInf/UltmtDbtr/PstlAdr/CtrySubDvsn;/Document/CstmrCdtTrfInitn/PmtInf/CdtTrfTxInf/UltmtDbtr/PstlAdr/CtrySubDvsn;0000;C;;FPAYP;REF01+090(10);000;000;;;;;INHERITED_FROM_PARENT;ACTIVE;;Identifies subdivision of country such as state, region, county
PAYM;Z_PT_CGI_XML_CT_V9;000;N_6157128980;N_5681433520;003;ELEM;Dept;/Document/CstmrCdtTrfInitn/PmtInf/CdtTrfTxInf/UltmtDbtr/PstlAdr/Dept;/Document/CstmrCdtTrfInitn/PmtInf/CdtTrfTxInf/UltmtDbtr/PstlAdr/Dept;0000;C;;;;000;000;;;;;INHERITED_FROM_PARENT;ACTIVE;;Identification of division of large organisation or building
PAYM;Z_PT_CGI_XML_CT_V9;000;N_0919652413;N_5681433520;003;ELEM;DstrctNm;/Document/CstmrCdtTrfInitn/PmtInf/CdtTrfTxInf/UltmtDbtr/PstlAdr/DstrctNm;/Document/CstmrCdtTrfInitn/PmtInf/CdtTrfTxInf/UltmtDbtr/PstlAdr/DstrctNm;0000;C;;;;000;000;;;;;INHERITED_FROM_PARENT;ACTIVE;;Identifies a subdivision within a country subdivision
PAYM;Z_PT_CGI_XML_CT_V9;000;N_0608725074;N_5681433520;003;ELEM;Flr;/Document/CstmrCdtTrfInitn/PmtInf/CdtTrfTxInf/UltmtDbtr/PstlAdr/Flr;/Document/CstmrCdtTrfInitn/PmtInf/CdtTrfTxInf/UltmtDbtr/PstlAdr/Flr;0000;C;;;;000;000;;;;;INHERITED_FROM_PARENT;ACTIVE;;Floor or storey within a building
PAYM;Z_PT_CGI_XML_CT_V9;000;N_0806188271;N_5681433520;003;ELEM;PstBx;/Document/CstmrCdtTrfInitn/PmtInf/CdtTrfTxInf/UltmtDbtr/PstlAdr/PstBx;/Document/CstmrCdtTrfInitn/PmtInf/CdtTrfTxInf/UltmtDbtr/PstlAdr/PstBx;0000;C;;;;000;000;;;;;INHERITED_FROM_PARENT;ACTIVE;;Numbered box in a post office
PAYM;Z_PT_CGI_XML_CT_V9;000;N_3687424450;N_5681433520;003;ELEM;PstCd;/Document/CstmrCdtTrfInitn/PmtInf/CdtTrfTxInf/UltmtDbtr/PstlAdr/PstCd;/Document/CstmrCdtTrfInitn/PmtInf/CdtTrfTxInf/UltmtDbtr/PstlAdr/PstCd;0000;C;;FPAYP;REF01+080(10);000;000;;;;;INHERITED_FROM_PARENT;ACTIVE;;Identifier added to postal address to assist sorting of mail
PAYM;Z_PT_CGI_XML_CT_V9;000;N_0276742522;N_5681433520;003;ELEM;Room;/Document/CstmrCdtTrfInitn/PmtInf/CdtTrfTxInf/UltmtDbtr/PstlAdr/Room;/Document/CstmrCdtTrfInitn/PmtInf/CdtTrfTxInf/UltmtDbtr/PstlAdr/Room;0000;C;;;;000;000;;;;;INHERITED_FROM_PARENT;ACTIVE;;Building room number
PAYM;Z_PT_CGI_XML_CT_V9;000;N_6841506920;N_5681433520;003;ELEM;StrtNm;/Document/CstmrCdtTrfInitn/PmtInf/CdtTrfTxInf/UltmtDbtr/PstlAdr/StrtNm;/Document/CstmrCdtTrfInitn/PmtInf/CdtTrfTxInf/UltmtDbtr/PstlAdr/StrtNm;0000;C;;FPAYP;REF01(60);000;000;;;;;INHERITED_FROM_PARENT;ACTIVE;;Name of street or thoroughfare
PAYM;Z_PT_CGI_XML_CT_V9;000;N_0937383420;N_5681433520;003;ELEM;SubDept;/Document/CstmrCdtTrfInitn/PmtInf/CdtTrfTxInf/UltmtDbtr/PstlAdr/SubDept;/Document/CstmrCdtTrfInitn/PmtInf/CdtTrfTxInf/UltmtDbtr/PstlAdr/SubDept;0000;C;;;;000;000;;;;;INHERITED_FROM_PARENT;ACTIVE;;Identification of sub-division of large organisation or building
PAYM;Z_PT_CGI_XML_CT_V9;000;N_0048482484;N_5681433520;003;ELEM;TwnLctnNm;/Document/CstmrCdtTrfInitn/PmtInf/CdtTrfTxInf/UltmtDbtr/PstlAdr/TwnLctnNm;/Document/CstmrCdtTrfInitn/PmtInf/CdtTrfTxInf/UltmtDbtr/PstlAdr/TwnLctnNm;0000;C;;;;000;000;;;;;INHERITED_FROM_PARENT;ACTIVE;;Specific location name within the town
PAYM;Z_PT_CGI_XML_CT_V9;000;N_7352608280;N_5681433520;003;ELEM;TwnNm;/Document/CstmrCdtTrfInitn/PmtInf/CdtTrfTxInf/UltmtDbtr/PstlAdr/TwnNm;/Document/CstmrCdtTrfInitn/PmtInf/CdtTrfTxInf/UltmtDbtr/PstlAdr/TwnNm;0035;C;;FPAYP;BORT1;000;000;;;;;INHERITED_FROM_PARENT;ACTIVE;;Name of built-up area, with defined boundaries, and local government
PAYM;Z_PT_CGI_XML_CT_V9;000;N_4888820030;N_4597540400;002;ELEM;ChrgBr;/Document/CstmrCdtTrfInitn/PmtInf/ChrgBr;/Document/CstmrCdtTrfInitn/PmtInf/ChrgBr;0000;C;;;;000;000;SLEV;;;FPAYHX-REF03+0(1) = 'S';REDEFINED_IN_TREE;DEACTIVATED;;Specifies which party/parties will bear to transaction associated charges
PAYM;Z_PT_CGI_XML_CT_V9;000;N_2476605870;N_4597540400;002;ELEM;ChrgsAcct;/Document/CstmrCdtTrfInitn/PmtInf/ChrgsAcct;/Document/CstmrCdtTrfInitn/PmtInf/ChrgsAcct;0000;C;;;;000;000;;;;FPAYHX-REF03+0(1) <> 'S';INHERITED_FROM_PARENT;ACTIVE;;Account used to process charges associated with transaction
PAYM;Z_PT_CGI_XML_CT_V9;000;N_6478468930;N_2476605870;002;ELEM;Ccy;/Document/CstmrCdtTrfInitn/PmtInf/ChrgsAcct/Ccy;/Document/CstmrCdtTrfInitn/PmtInf/ChrgsAcct/Ccy;0000;C;;FPAYHX;DTGIS;000;000;;;;;INHERITED_FROM_PARENT;ACTIVE;;Identification of currency in which account is held
PAYM;Z_PT_CGI_XML_CT_V9;000;N_8051708090;N_2476605870;002;ELEM;Id;/Document/CstmrCdtTrfInitn/PmtInf/ChrgsAcct/Id;/Document/CstmrCdtTrfInitn/PmtInf/ChrgsAcct/Id;0000;C;;;;000;000;;;;;INHERITED_FROM_PARENT;ACTIVE;;Unique and unambiguous identification for account
PAYM;Z_PT_CGI_XML_CT_V9;000;N_8005953740;N_8051708090;002;ELEM;IBAN;/Document/CstmrCdtTrfInitn/PmtInf/ChrgsAcct/Id/IBAN;/Document/CstmrCdtTrfInitn/PmtInf/ChrgsAcct/Id/IBAN;0000;C;;;;000;000;;;;;INHERITED_FROM_PARENT;ACTIVE;;International Bank Account Number (IBAN) - identifier used internationally
PAYM;Z_PT_CGI_XML_CT_V9;000;N_8691925720;N_8051708090;002;ELEM;Othr;/Document/CstmrCdtTrfInitn/PmtInf/ChrgsAcct/Id/Othr;/Document/CstmrCdtTrfInitn/PmtInf/ChrgsAcct/Id/Othr;0000;C;;;;000;000;;;;;INHERITED_FROM_PARENT;ACTIVE;;Unique identification of account using identification scheme
PAYM;Z_PT_CGI_XML_CT_V9;000;N_5291993860;N_8691925720;002;ELEM;Id;/Document/CstmrCdtTrfInitn/PmtInf/ChrgsAcct/Id/Othr/Id;/Document/CstmrCdtTrfInitn/PmtInf/ChrgsAcct/Id/Othr/Id;0000;C;;FPAYHX;DTGBK;000;000;;;;;INHERITED_FROM_PARENT;ACTIVE;;Identification assigned by institution
PAYM;Z_PT_CGI_XML_CT_V9;000;N_8537355510;N_4597540400;002;ELEM;CtrlSum;/Document/CstmrCdtTrfInitn/PmtInf/CtrlSum;/Document/CstmrCdtTrfInitn/PmtInf/CtrlSum;0018;P;;;;000;000;;;;;INHERITED_FROM_PARENT;ACTIVE;;Total of all indiv. amounts included in group, irrespective of currencies
PAYM;Z_PT_CGI_XML_CT_V9;000;N_8719393260;N_4597540400;002;ELEM;Dbtr;/Document/CstmrCdtTrfInitn/PmtInf/Dbtr;/Document/CstmrCdtTrfInitn/PmtInf/Dbtr;0000;C;;;;000;000;;;;;INHERITED_FROM_PARENT;ACTIVE;;Party that owes amount of money to (ultimate) creditor
PAYM;Z_PT_CGI_XML_CT_V9;000;N_0515964200;N_8719393260;002;ELEM;CtctDtls;/Document/CstmrCdtTrfInitn/PmtInf/Dbtr/CtctDtls;/Document/CstmrCdtTrfInitn/PmtInf/Dbtr/CtctDtls;0000;C;;;;000;000;;;;FPAYHX-REF03+0(1) <> 'S';REDEFINED_IN_TREE;ACTIVE;;Set of elements used to indicate how to contact party
PAYM;Z_PT_CGI_XML_CT_V9;000;N_8190777430;N_0515964200;002;ELEM;EmailAdr;/Document/CstmrCdtTrfInitn/PmtInf/Dbtr/CtctDtls/EmailAdr;/Document/CstmrCdtTrfInitn/PmtInf/Dbtr/CtctDtls/EmailAdr;0000;C;;FPAYH;INTAD;000;000;;;;;INHERITED_FROM_PARENT;ACTIVE;;Address for electronic mail (e-mail)
PAYM;Z_PT_CGI_XML_CT_V9;000;N_3622950490;N_0515964200;002;ELEM;FaxNb;/Document/CstmrCdtTrfInitn/PmtInf/Dbtr/CtctDtls/FaxNb;/Document/CstmrCdtTrfInitn/PmtInf/Dbtr/CtctDtls/FaxNb;0000;C;;FPAYH;TELFX;000;000;;;;FPAYH-TELFX CA '+';INHERITED_FROM_PARENT;ACTIVE;;Collection of information that identifies FAX number
PAYM;Z_PT_CGI_XML_CT_V9;000;N_1343421690;N_0515964200;002;ELEM;MobNb;/Document/CstmrCdtTrfInitn/PmtInf/Dbtr/CtctDtls/MobNb;/Document/CstmrCdtTrfInitn/PmtInf/Dbtr/CtctDtls/MobNb;0000;C;;FPAYH;TELF2;000;000;;;;FPAYH-TELF2 CA '+';INHERITED_FROM_PARENT;ACTIVE;;Collection of information that identifies mobile phone number
PAYM;Z_PT_CGI_XML_CT_V9;000;N_6086669440;N_0515964200;002;ELEM;Nm;/Document/CstmrCdtTrfInitn/PmtInf/Dbtr/CtctDtls/Nm;/Document/CstmrCdtTrfInitn/PmtInf/Dbtr/CtctDtls/Nm;0000;C;;FPAYH;NAMP1;000;000;;;;;INHERITED_FROM_PARENT;ACTIVE;;Name by which party is known and which is usually used to identify party
PAYM;Z_PT_CGI_XML_CT_V9;000;N_4906704020;N_0515964200;002;ELEM;NmPrfx;/Document/CstmrCdtTrfInitn/PmtInf/Dbtr/CtctDtls/NmPrfx;/Document/CstmrCdtTrfInitn/PmtInf/Dbtr/CtctDtls/NmPrfx;0000;C;;FPAYH;SALUT;000;000;;;;1 = SPACE;INHERITED_FROM_PARENT;ACTIVE;;Specifies terms used to formally address person
PAYM;Z_PT_CGI_XML_CT_V9;000;N_8939411660;N_0515964200;002;ELEM;PhneNb;/Document/CstmrCdtTrfInitn/PmtInf/Dbtr/CtctDtls/PhneNb;/Document/CstmrCdtTrfInitn/PmtInf/Dbtr/CtctDtls/PhneNb;0000;C;;FPAYH;TELF1;000;000;;;;FPAYH-TELF1 CA '+';INHERITED_FROM_PARENT;ACTIVE;;Collection of information that identifies phone number
PAYM;Z_PT_CGI_XML_CT_V9;000;N_0844868810;N_8719393260;002;ELEM;CtryOfRes;/Document/CstmrCdtTrfInitn/PmtInf/Dbtr/CtryOfRes;/Document/CstmrCdtTrfInitn/PmtInf/Dbtr/CtryOfRes;0000;C;;FPAYHX;LAND1;000;000;;;;FPAYHX-REF03+0(1) <> 'S';REDEFINED_IN_TREE;ACTIVE;;Country in/from which person resides, affairs of that company are directed
PAYM;Z_PT_CGI_XML_CT_V9;000;N_2731206330;N_8719393260;002;ELEM;Id;/Document/CstmrCdtTrfInitn/PmtInf/Dbtr/Id;/Document/CstmrCdtTrfInitn/PmtInf/Dbtr/Id;0000;C;;;;000;000;;;;;INHERITED_FROM_PARENT;ACTIVE;;Unique and unambiguous identification of party
PAYM;Z_PT_CGI_XML_CT_V9;000;N_2917121660;N_2731206330;002;ELEM;OrgId;/Document/CstmrCdtTrfInitn/PmtInf/Dbtr/Id/OrgId;/Document/CstmrCdtTrfInitn/PmtInf/Dbtr/Id/OrgId;0000;C;;;;000;000;;;;;INHERITED_FROM_PARENT;ACTIVE;;Unique and unambiguous way to identify organisation
PAYM;Z_PT_CGI_XML_CT_V9;000;N_5204555210;N_2917121660;002;ELEM;AnyBIC;/Document/CstmrCdtTrfInitn/PmtInf/Dbtr/Id/OrgId/AnyBIC;/Document/CstmrCdtTrfInitn/PmtInf/Dbtr/Id/OrgId/AnyBIC;0010;C;;FPAYHX;REF12+040;000;000;;;;FPAYHX-REF12+030(10) = 'SWIFT';INHERITED_FROM_PARENT;ACTIVE;;Business identification code of organisation
PAYM;Z_PT_CGI_XML_CT_V9;000;N_7322825250;N_2917121660;002;ELEM;Othr;/Document/CstmrCdtTrfInitn/PmtInf/Dbtr/Id/OrgId/Othr;/Document/CstmrCdtTrfInitn/PmtInf/Dbtr/Id/OrgId/Othr;0000;C;;;;000;000;;;;FPAYHX-REF12+030(10) <> 'SWIFT';INHERITED_FROM_PARENT;ACTIVE;;Unique identification of organisation using identification scheme
PAYM;Z_PT_CGI_XML_CT_V9;000;N_3461788710;N_7322825250;002;ELEM;Id;/Document/CstmrCdtTrfInitn/PmtInf/Dbtr/Id/OrgId/Othr/Id;/Document/CstmrCdtTrfInitn/PmtInf/Dbtr/Id/OrgId/Othr/Id;0018;C;;FPAYHX;REF13;000;000;;;;FPAYHX-REF12+030(10) <> 'SWIFT' AND 1 = SPACE;REDEFINED_IN_TREE;ACTIVE;;Identification assigned by institution
PAYM;Z_PT_CGI_XML_CT_V9;000;N_0889058531;N_3461788710;000;ATOM;CGIID;/Document/CstmrCdtTrfInitn/PmtInf/Dbtr/Id/OrgId/Othr/Id/:atom:CGIID;/Document/CstmrCdtTrfInitn/PmtInf/Dbtr/Id/OrgId/Othr/Id/:atom:CGIID;0010;C;;FPAYHX;REF12+040;000;000;;;;FPAYHX-REF12+040(10) <> SPACE AND FPAYHX-DTKID = SPACE;INHERITED_FROM_PARENT;ACTIVE;;
PAYM;Z_PT_CGI_XML_CT_V9;000;N_0528118445;N_3461788710;000;ATOM;CUSTID;/Document/CstmrCdtTrfInitn/PmtInf/Dbtr/Id/OrgId/Othr/Id/:atom:CUSTID;/Document/CstmrCdtTrfInitn/PmtInf/Dbtr/Id/OrgId/Othr/Id/:atom:CUSTID;0018;C;;FPAYHX;DTKID;000;000;;;;FPAYHX-DTKID <> SPACE;INHERITED_FROM_PARENT;ACTIVE;;
PAYM;Z_PT_CGI_XML_CT_V9;000;N_1940399770;N_7322825250;002;ELEM;Issr;/Document/CstmrCdtTrfInitn/PmtInf/Dbtr/Id/OrgId/Othr/Issr;/Document/CstmrCdtTrfInitn/PmtInf/Dbtr/Id/OrgId/Othr/Issr;0010;C;;FPAYHX;REF12+030;000;000;;;;FPAYHX-REF12+030(10) <> 'SWIFT';REDEFINED_IN_TREE;DEACTIVATED;;Entity that assigns identification
PAYM;Z_PT_CGI_XML_CT_V9;000;N_1841578220;N_7322825250;002;ELEM;SchmeNm;/Document/CstmrCdtTrfInitn/PmtInf/Dbtr/Id/OrgId/Othr/SchmeNm;/Document/CstmrCdtTrfInitn/PmtInf/Dbtr/Id/OrgId/Othr/SchmeNm;0000;C;;;;000;000;;;;FPAYHX-REF03+0(1) <> 'S';REDEFINED_IN_TREE;ACTIVE;;Name of identification scheme
PAYM;Z_PT_CGI_XML_CT_V9;000;N_4883611550;N_1841578220;002;ELEM;Cd;/Document/CstmrCdtTrfInitn/PmtInf/Dbtr/Id/OrgId/Othr/SchmeNm/Cd;/Document/CstmrCdtTrfInitn/PmtInf/Dbtr/Id/OrgId/Othr/SchmeNm/Cd;0004;C;;FPAYHX;REF12+060;000;000;;;;FPAYHX-REF12+030(10) <> 'SWIFT' AND FPAYHX-REF12+050(10) = SPACE AND (FPAYHX-REF03+0(1) <> 'S' OR (FPAYHX-REF03+0(1) = 'S' AND FPAYHX-REF12+040(10) = SPACE) ) AND (FPAYHX-REF12+040(10) <> SPACE OR FPAYHX-DTKID <> SPACE);INHERITED_FROM_PARENT;ACTIVE;;Name of identification scheme, in free text form
PAYM;Z_PT_CGI_XML_CT_V9;000;N_0807629780;N_4883611550;000;ATOM;CGICD;/Document/CstmrCdtTrfInitn/PmtInf/Dbtr/Id/OrgId/Othr/SchmeNm/Cd/:atom:CGICD;/Document/CstmrCdtTrfInitn/PmtInf/Dbtr/Id/OrgId/Othr/SchmeNm/Cd/:atom:CGICD;0004;C;;FPAYHX;REF12+060;000;000;;;;FPAYHX-REF12+060(4) <> SPACE;INHERITED_FROM_PARENT;ACTIVE;;
PAYM;Z_PT_CGI_XML_CT_V9;000;N_0932271552;N_4883611550;000;ATOM;CODE;/Document/CstmrCdtTrfInitn/PmtInf/Dbtr/Id/OrgId/Othr/SchmeNm/Cd/:atom:CODE;/Document/CstmrCdtTrfInitn/PmtInf/Dbtr/Id/OrgId/Othr/SchmeNm/Cd/:atom:CODE;0004;C;;;;000;000;BANK;;;FPAYHX-REF12+060(4) = SPACE;INHERITED_FROM_PARENT;ACTIVE;;
PAYM;Z_PT_CGI_XML_CT_V9;000;N_0055346630;N_1841578220;002;ELEM;Prtry;/Document/CstmrCdtTrfInitn/PmtInf/Dbtr/Id/OrgId/Othr/SchmeNm/Prtry;/Document/CstmrCdtTrfInitn/PmtInf/Dbtr/Id/OrgId/Othr/SchmeNm/Prtry;0010;C;;FPAYHX;REF12+050;000;000;;;;FPAYHX-REF12+040(10) <> SPACE AND FPAYHX-REF12+030(10) <> 'SWIFT' AND FPAYHX-REF12+050(10) <> SPACE;INHERITED_FROM_PARENT;ACTIVE;;Name of identification scheme, in coded form as published in external list
PAYM;Z_PT_CGI_XML_CT_V9;000;N_3885436150;N_8719393260;002;ELEM;Nm;/Document/CstmrCdtTrfInitn/PmtInf/Dbtr/Nm;/Document/CstmrCdtTrfInitn/PmtInf/Dbtr/Nm;0000;C;;FPAYHX;REF07(70);000;000;;;;;INHERITED_FROM_PARENT;ACTIVE;;Name by which party is known and which is usually used to identify party
PAYM;Z_PT_CGI_XML_CT_V9;000;N_3737783560;N_8719393260;002;ELEM;PstlAdr;/Document/CstmrCdtTrfInitn/PmtInf/Dbtr/PstlAdr;/Document/CstmrCdtTrfInitn/PmtInf/Dbtr/PstlAdr;0000;C;;;;000;000;;;;;REDEFINED_IN_TREE;ACTIVE;;Information that locates and identifies specific address by postal services
PAYM;Z_PT_CGI_XML_CT_V9;000;N_3497388450;N_3737783560;002;ELEM;AdrLine;/Document/CstmrCdtTrfInitn/PmtInf/Dbtr/PstlAdr/AdrLine;/Document/CstmrCdtTrfInitn/PmtInf/Dbtr/PstlAdr/AdrLine;0000;C;02;FPAYHX;AUST3;000;000;;;;;DEACTIVATED_IN_TREE;DEACTIVATED;;Information that locates and identifies specific address in free format
PAYM;Z_PT_CGI_XML_CT_V9;000;N_6713310410;N_3737783560;002;ELEM;AdrLine;/Document/CstmrCdtTrfInitn/PmtInf/Dbtr/PstlAdr/AdrLine;/Document/CstmrCdtTrfInitn/PmtInf/Dbtr/PstlAdr/AdrLine;0000;C;02;;;000;000;;;;;DEACTIVATED_IN_TREE;DEACTIVATED;;Information that locates and identifies specific address in free format
PAYM;Z_PT_CGI_XML_CT_V9;000;N_2503294700;N_6713310410;000;ATOM;ADDR1;/Document/CstmrCdtTrfInitn/PmtInf/Dbtr/PstlAdr/AdrLine/:atom:ADDR1;/Document/CstmrCdtTrfInitn/PmtInf/Dbtr/PstlAdr/AdrLine/:atom:ADDR1;0010;C;;FPAYHX;REF01+080;000;000;;;;FPAYHX-AUST3 = SPACE OR FPAYHX-AUSTO = SPACE;INHERITED_FROM_PARENT;ACTIVE;;
PAYM;Z_PT_CGI_XML_CT_V9;000;N_7739538210;N_3497388450;000;ATOM;ADDR1;/Document/CstmrCdtTrfInitn/PmtInf/Dbtr/PstlAdr/AdrLine/:atom:ADDR1;/Document/CstmrCdtTrfInitn/PmtInf/Dbtr/PstlAdr/AdrLine/:atom:ADDR1;0060;C;;FPAYHX;REF01;000;000;;;;FPAYHX-AUST3 = SPACE OR FPAYHX-AUSTO = SPACE;INHERITED_FROM_PARENT;ACTIVE;;
PAYM;Z_PT_CGI_XML_CT_V9;000;N_4236624290;N_6713310410;000;ATOM;ADDR2;/Document/CstmrCdtTrfInitn/PmtInf/Dbtr/PstlAdr/AdrLine/:atom:ADDR2;/Document/CstmrCdtTrfInitn/PmtInf/Dbtr/PstlAdr/AdrLine/:atom:ADDR2;0000;C;;FPAYHX;REF06+0(40);000;000;;;;FPAYHX-AUST3 = SPACE OR FPAYHX-AUSTO = SPACE;INHERITED_FROM_PARENT;ACTIVE;;
PAYM;Z_PT_CGI_XML_CT_V9;000;N_8660631020;N_3497388450;000;ATOM;ADDR2;/Document/CstmrCdtTrfInitn/PmtInf/Dbtr/PstlAdr/AdrLine/:atom:ADDR2;/Document/CstmrCdtTrfInitn/PmtInf/Dbtr/PstlAdr/AdrLine/:atom:ADDR2;0010;C;;FPAYHX;REF01+100;000;000;;;;FPAYHX-AUST3 = SPACE OR FPAYHX-AUSTO = SPACE;INHERITED_FROM_PARENT;ACTIVE;;
PAYM;Z_PT_CGI_XML_CT_V9;000;N_9051169100;N_6713310410;000;ATOM;ISSUER;/Document/CstmrCdtTrfInitn/PmtInf/Dbtr/PstlAdr/AdrLine/:atom:ISSUER;/Document/CstmrCdtTrfInitn/PmtInf/Dbtr/PstlAdr/AdrLine/:atom:ISSUER;0000;C;;FPAYHX;AUSTO;000;000;;;;FPAYHX-AUST3 <> SPACE AND FPAYHX-AUSTO <> SPACE;INHERITED_FROM_PARENT;ACTIVE;;
PAYM;Z_PT_CGI_XML_CT_V9;000;N_9127750170;N_3497388450;000;ATOM;ISSUER;/Document/CstmrCdtTrfInitn/PmtInf/Dbtr/PstlAdr/AdrLine/:atom:ISSUER;/Document/CstmrCdtTrfInitn/PmtInf/Dbtr/PstlAdr/AdrLine/:atom:ISSUER;0000;C;;FPAYHX;AUST3;000;000;;;;FPAYHX-AUST3 <> SPACE AND FPAYHX-AUSTO <> SPACE;INHERITED_FROM_PARENT;ACTIVE;;
PAYM;Z_PT_CGI_XML_CT_V9;000;N_6742690070;N_3737783560;002;ELEM;BldgNb;/Document/CstmrCdtTrfInitn/PmtInf/Dbtr/PstlAdr/BldgNb;/Document/CstmrCdtTrfInitn/PmtInf/Dbtr/PstlAdr/BldgNb;0000;C;;FPAYHX;REF01+100(10);000;000;;;;;INHERITED_FROM_PARENT;ACTIVE;;Number that identifies position of building on street
PAYM;Z_PT_CGI_XML_CT_V9;000;N_0580619533;N_3737783560;002;ELEM;BldgNm;/Document/CstmrCdtTrfInitn/PmtInf/Dbtr/PstlAdr/BldgNm;/Document/CstmrCdtTrfInitn/PmtInf/Dbtr/PstlAdr/BldgNm;0000;C;;;;000;000;;;;;REDEFINED_IN_TREE;DEACTIVATED;;Name of the building or house
PAYM;Z_PT_CGI_XML_CT_V9;000;N_4665212960;N_3737783560;002;ELEM;Ctry;/Document/CstmrCdtTrfInitn/PmtInf/Dbtr/PstlAdr/Ctry;/Document/CstmrCdtTrfInitn/PmtInf/Dbtr/PstlAdr/Ctry;0000;C;;FPAYHX;LDISO;000;000;;;;;INHERITED_FROM_PARENT;ACTIVE;;Nation with its own government
PAYM;Z_PT_CGI_XML_CT_V9;000;N_0943294530;N_3737783560;002;ELEM;CtrySubDvsn;/Document/CstmrCdtTrfInitn/PmtInf/Dbtr/PstlAdr/CtrySubDvsn;/Document/CstmrCdtTrfInitn/PmtInf/Dbtr/PstlAdr/CtrySubDvsn;0000;C;;FPAYHX;REF01+090(10);000;000;;;;;REDEFINED_IN_TREE;DEACTIVATED;;Identifies subdivision of country such as state, region, county
PAYM;Z_PT_CGI_XML_CT_V9;000;N_6571062460;N_3737783560;002;ELEM;Dept;/Document/CstmrCdtTrfInitn/PmtInf/Dbtr/PstlAdr/Dept;/Document/CstmrCdtTrfInitn/PmtInf/Dbtr/PstlAdr/Dept;0000;C;;;;000;000;;;;;REDEFINED_IN_TREE;DEACTIVATED;;Identification of division of large organisation or building
PAYM;Z_PT_CGI_XML_CT_V9;000;N_0714387703;N_3737783560;002;ELEM;DstrctNm;/Document/CstmrCdtTrfInitn/PmtInf/Dbtr/PstlAdr/DstrctNm;/Document/CstmrCdtTrfInitn/PmtInf/Dbtr/PstlAdr/DstrctNm;0000;C;;;;000;000;;;;;REDEFINED_IN_TREE;DEACTIVATED;;Identifies a subdivision within a country subdivision
PAYM;Z_PT_CGI_XML_CT_V9;000;N_0275148849;N_3737783560;002;ELEM;Flr;/Document/CstmrCdtTrfInitn/PmtInf/Dbtr/PstlAdr/Flr;/Document/CstmrCdtTrfInitn/PmtInf/Dbtr/PstlAdr/Flr;0000;C;;;;000;000;;;;;REDEFINED_IN_TREE;DEACTIVATED;;Floor or storey within a building
PAYM;Z_PT_CGI_XML_CT_V9;000;N_0792686753;N_3737783560;002;ELEM;PstBx;/Document/CstmrCdtTrfInitn/PmtInf/Dbtr/PstlAdr/PstBx;/Document/CstmrCdtTrfInitn/PmtInf/Dbtr/PstlAdr/PstBx;0000;C;;;;000;000;;;;;REDEFINED_IN_TREE;DEACTIVATED;;Numbered box in a post office
PAYM;Z_PT_CGI_XML_CT_V9;000;N_9783653420;N_3737783560;002;ELEM;PstCd;/Document/CstmrCdtTrfInitn/PmtInf/Dbtr/PstlAdr/PstCd;/Document/CstmrCdtTrfInitn/PmtInf/Dbtr/PstlAdr/PstCd;0000;C;;FPAYHX;REF01+080(10);000;000;;;;;INHERITED_FROM_PARENT;ACTIVE;;Identifier added to postal address to assist sorting of mail
PAYM;Z_PT_CGI_XML_CT_V9;000;N_0611114961;N_3737783560;002;ELEM;Room;/Document/CstmrCdtTrfInitn/PmtInf/Dbtr/PstlAdr/Room;/Document/CstmrCdtTrfInitn/PmtInf/Dbtr/PstlAdr/Room;0000;C;;;;000;000;;;;;REDEFINED_IN_TREE;DEACTIVATED;;Building room number
PAYM;Z_PT_CGI_XML_CT_V9;000;N_3956950760;N_3737783560;002;ELEM;StrtNm;/Document/CstmrCdtTrfInitn/PmtInf/Dbtr/PstlAdr/StrtNm;/Document/CstmrCdtTrfInitn/PmtInf/Dbtr/PstlAdr/StrtNm;0000;C;;FPAYHX;REF01(60);000;000;;;;;INHERITED_FROM_PARENT;ACTIVE;;Name of street or thoroughfare
PAYM;Z_PT_CGI_XML_CT_V9;000;N_9074218180;N_3737783560;002;ELEM;SubDept;/Document/CstmrCdtTrfInitn/PmtInf/Dbtr/PstlAdr/SubDept;/Document/CstmrCdtTrfInitn/PmtInf/Dbtr/PstlAdr/SubDept;0000;C;;;;000;000;;;;;REDEFINED_IN_TREE;DEACTIVATED;;Identification of sub-division of large organisation or building
PAYM;Z_PT_CGI_XML_CT_V9;000;N_0647965326;N_3737783560;002;ELEM;TwnLctnNm;/Document/CstmrCdtTrfInitn/PmtInf/Dbtr/PstlAdr/TwnLctnNm;/Document/CstmrCdtTrfInitn/PmtInf/Dbtr/PstlAdr/TwnLctnNm;0000;C;;;;000;000;;;;;REDEFINED_IN_TREE;DEACTIVATED;;Specific location name within the town
PAYM;Z_PT_CGI_XML_CT_V9;000;N_9657968590;N_3737783560;002;ELEM;TwnNm;/Document/CstmrCdtTrfInitn/PmtInf/Dbtr/PstlAdr/TwnNm;/Document/CstmrCdtTrfInitn/PmtInf/Dbtr/PstlAdr/TwnNm;0035;C;;FPAYHX;REF06+0(40);000;000;;;;;INHERITED_FROM_PARENT;ACTIVE;;Name of built-up area, with defined boundaries, and local government
PAYM;Z_PT_CGI_XML_CT_V9;000;N_7511179230;N_4597540400;002;ELEM;DbtrAcct;/Document/CstmrCdtTrfInitn/PmtInf/DbtrAcct;/Document/CstmrCdtTrfInitn/PmtInf/DbtrAcct;0000;C;;;;000;000;;;;;INHERITED_FROM_PARENT;ACTIVE;;Unambiguous identification of account of debtor
PAYM;Z_PT_CGI_XML_CT_V9;000;N_9509037720;N_7511179230;002;ELEM;Ccy;/Document/CstmrCdtTrfInitn/PmtInf/DbtrAcct/Ccy;/Document/CstmrCdtTrfInitn/PmtInf/DbtrAcct/Ccy;0000;C;;FPAYHX;UBWAE;000;000;;;;FPAYHX-REF03+0(1) <> 'S';REDEFINED_IN_TREE;ACTIVE;;Identification of currency in which account is held
PAYM;Z_PT_CGI_XML_CT_V9;000;N_9872931330;N_7511179230;002;ELEM;Id;/Document/CstmrCdtTrfInitn/PmtInf/DbtrAcct/Id;/Document/CstmrCdtTrfInitn/PmtInf/DbtrAcct/Id;0000;C;;;;000;000;;;;;INHERITED_FROM_PARENT;ACTIVE;;Unique and unambiguous identification for account
PAYM;Z_PT_CGI_XML_CT_V9;000;N_8150688130;N_9872931330;002;ELEM;IBAN;/Document/CstmrCdtTrfInitn/PmtInf/DbtrAcct/Id/IBAN;/Document/CstmrCdtTrfInitn/PmtInf/DbtrAcct/Id/IBAN;0000;C;;FPAYHX;UIBAN;000;000;;;;;INHERITED_FROM_PARENT;ACTIVE;;International Bank Account Number (IBAN) - identifier used internationally
PAYM;Z_PT_CGI_XML_CT_V9;000;N_9461551240;N_9872931330;002;ELEM;Othr;/Document/CstmrCdtTrfInitn/PmtInf/DbtrAcct/Id/Othr;/Document/CstmrCdtTrfInitn/PmtInf/DbtrAcct/Id/Othr;0000;C;;;;000;000;;;;FPAYHX-REF03+0(1) <> 'S';REDEFINED_IN_TREE;ACTIVE;;Unique identification of account using identification scheme
PAYM;Z_PT_CGI_XML_CT_V9;000;N_1859451230;N_9461551240;002;ELEM;Id;/Document/CstmrCdtTrfInitn/PmtInf/DbtrAcct/Id/Othr/Id;/Document/CstmrCdtTrfInitn/PmtInf/DbtrAcct/Id/Othr/Id;0000;C;;FPAYHX;UBKNT;000;000;;;;FPAYHX-UIBAN = SPACE;INHERITED_FROM_PARENT;ACTIVE;;Identification assigned by institution
PAYM;Z_PT_CGI_XML_CT_V9;000;N_2926895580;N_9461551240;002;ELEM;SchmeNm;/Document/CstmrCdtTrfInitn/PmtInf/DbtrAcct/Id/Othr/SchmeNm;/Document/CstmrCdtTrfInitn/PmtInf/DbtrAcct/Id/Othr/SchmeNm;0000;C;;;;000;000;;;;;INHERITED_FROM_PARENT;ACTIVE;;Name of identification scheme
PAYM;Z_PT_CGI_XML_CT_V9;000;N_2999039300;N_2926895580;002;ELEM;Cd;/Document/CstmrCdtTrfInitn/PmtInf/DbtrAcct/Id/Othr/SchmeNm/Cd;/Document/CstmrCdtTrfInitn/PmtInf/DbtrAcct/Id/Othr/SchmeNm/Cd;0000;C;;;;000;000;BBAN;;;FPAYHX-UIBAN = SPACE;INHERITED_FROM_PARENT;ACTIVE;;Name of identification scheme, in coded form as published in external list
PAYM;Z_PT_CGI_XML_CT_V9;000;N_8343726880;N_2926895580;002;ELEM;Prtry;/Document/CstmrCdtTrfInitn/PmtInf/DbtrAcct/Id/Othr/SchmeNm/Prtry;/Document/CstmrCdtTrfInitn/PmtInf/DbtrAcct/Id/Othr/SchmeNm/Prtry;0000;C;;;;000;000;;;;;INHERITED_FROM_PARENT;ACTIVE;;Name of identification scheme, in free text form
PAYM;Z_PT_CGI_XML_CT_V9;000;N_1162024500;N_7511179230;002;ELEM;Tp;/Document/CstmrCdtTrfInitn/PmtInf/DbtrAcct/Tp;/Document/CstmrCdtTrfInitn/PmtInf/DbtrAcct/Tp;0000;C;;;;000;000;;;;FPAYHX-REF03+0(1) <> 'S';REDEFINED_IN_TREE;ACTIVE;;Specifies nature, or use of account
PAYM;Z_PT_CGI_XML_CT_V9;000;N_5410488240;N_1162024500;002;ELEM;Cd;/Document/CstmrCdtTrfInitn/PmtInf/DbtrAcct/Tp/Cd;/Document/CstmrCdtTrfInitn/PmtInf/DbtrAcct/Tp/Cd;0000;C;;FPAYHX;UBKON;000;000;;;;;INHERITED_FROM_PARENT;ACTIVE;;Account type, in coded form
PAYM;Z_PT_CGI_XML_CT_V9;000;N_1268473120;N_1162024500;002;ELEM;Prtry;/Document/CstmrCdtTrfInitn/PmtInf/DbtrAcct/Tp/Prtry;/Document/CstmrCdtTrfInitn/PmtInf/DbtrAcct/Tp/Prtry;0000;C;;;;000;000;;;;;INHERITED_FROM_PARENT;ACTIVE;;Nature or use of account in proprietary form
PAYM;Z_PT_CGI_XML_CT_V9;000;N_7747063620;N_4597540400;002;ELEM;DbtrAgt;/Document/CstmrCdtTrfInitn/PmtInf/DbtrAgt;/Document/CstmrCdtTrfInitn/PmtInf/DbtrAgt;0000;C;;;;000;000;;;;;INHERITED_FROM_PARENT;ACTIVE;;Financial institution servicing account for debtor
PAYM;Z_PT_CGI_XML_CT_V9;000;N_0669233570;N_7747063620;002;ELEM;BrnchId;/Document/CstmrCdtTrfInitn/PmtInf/DbtrAgt/BrnchId;/Document/CstmrCdtTrfInitn/PmtInf/DbtrAgt/BrnchId;0000;C;;;;000;000;;;;;REDEFINED_IN_TREE;DEACTIVATED;;Identifies specific branch of financial institution
PAYM;Z_PT_CGI_XML_CT_V9;000;N_0088392170;N_0669233570;002;ELEM;Id;/Document/CstmrCdtTrfInitn/PmtInf/DbtrAgt/BrnchId/Id;/Document/CstmrCdtTrfInitn/PmtInf/DbtrAgt/BrnchId/Id;0000;C;;FPAYHX;UBRCH;000;000;;;;;INHERITED_FROM_PARENT;ACTIVE;;Unique and unambiguous identification of branch of financial institution
PAYM;Z_PT_CGI_XML_CT_V9;000;N_5127938560;N_7747063620;002;ELEM;FinInstnId;/Document/CstmrCdtTrfInitn/PmtInf/DbtrAgt/FinInstnId;/Document/CstmrCdtTrfInitn/PmtInf/DbtrAgt/FinInstnId;0000;C;;;;000;000;;;;;INHERITED_FROM_PARENT;ACTIVE;;Unique and unambiguous identification of financial institution
PAYM;Z_PT_CGI_XML_CT_V9;000;N_5392382580;N_5127938560;002;ELEM;BICFI;/Document/CstmrCdtTrfInitn/PmtInf/DbtrAgt/FinInstnId/BICFI;/Document/CstmrCdtTrfInitn/PmtInf/DbtrAgt/FinInstnId/BICFI;0000;C;;FPAYHX;USWIF;000;000;;;;;INHERITED_FROM_PARENT;ACTIVE;;Code allocated to financial institution - Business Identifier Code
PAYM;Z_PT_CGI_XML_CT_V9;000;N_2739881510;N_5127938560;002;ELEM;ClrSysMmbId;/Document/CstmrCdtTrfInitn/PmtInf/DbtrAgt/FinInstnId/ClrSysMmbId;/Document/CstmrCdtTrfInitn/PmtInf/DbtrAgt/FinInstnId/ClrSysMmbId;0000;C;;;;000;000;;;;FPAYHX-REF03+0(1) <> 'S';REDEFINED_IN_TREE;ACTIVE;;Specification of pre-agreed offering between clearing agents or channel
PAYM;Z_PT_CGI_XML_CT_V9;000;N_6765342100;N_2739881510;002;ELEM;MmbId;/Document/CstmrCdtTrfInitn/PmtInf/DbtrAgt/FinInstnId/ClrSysMmbId/MmbId;/Document/CstmrCdtTrfInitn/PmtInf/DbtrAgt/FinInstnId/ClrSysMmbId/MmbId;0000;C;;FPAYHX;UBNKL;000;000;;;;;INHERITED_FROM_PARENT;ACTIVE;;Identification of member of clearing system.
PAYM;Z_PT_CGI_XML_CT_V9;000;N_3424315490;N_5127938560;002;ELEM;Othr;/Document/CstmrCdtTrfInitn/PmtInf/DbtrAgt/FinInstnId/Othr;/Document/CstmrCdtTrfInitn/PmtInf/DbtrAgt/FinInstnId/Othr;0000;C;;;;000;000;;;;;INHERITED_FROM_PARENT;ACTIVE;;Unique identification of agent using identification scheme
PAYM;Z_PT_CGI_XML_CT_V9;000;N_9856624270;N_3424315490;002;ELEM;Id;/Document/CstmrCdtTrfInitn/PmtInf/DbtrAgt/FinInstnId/Othr/Id;/Document/CstmrCdtTrfInitn/PmtInf/DbtrAgt/FinInstnId/Othr/Id;0000;C;;;;000;000;NOTPROVIDED;;;FPAYHX-REF03+0(1) = 'S' AND FPAYHX-UBNKL = SPACE AND FPAYHX-USWIF = SPACE;INHERITED_FROM_PARENT;ACTIVE;;Unique and unambiguous identification of person
PAYM;Z_PT_CGI_XML_CT_V9;000;N_4288268580;N_5127938560;002;ELEM;PstlAdr;/Document/CstmrCdtTrfInitn/PmtInf/DbtrAgt/FinInstnId/PstlAdr;/Document/CstmrCdtTrfInitn/PmtInf/DbtrAgt/FinInstnId/PstlAdr;0000;C;;;;000;000;;;;FPAYHX-REF03+0(1) <> 'S';REDEFINED_IN_TREE;ACTIVE;;Information that locates and identifies specific address by postal services
PAYM;Z_PT_CGI_XML_CT_V9;000;N_4763427360;N_4288268580;002;ELEM;Ctry;/Document/CstmrCdtTrfInitn/PmtInf/DbtrAgt/FinInstnId/PstlAdr/Ctry;/Document/CstmrCdtTrfInitn/PmtInf/DbtrAgt/FinInstnId/PstlAdr/Ctry;0000;C;;FPAYHX;UBISO;000;000;;;;;INHERITED_FROM_PARENT;ACTIVE;;Nation with its own government
PAYM;Z_PT_CGI_XML_CT_V9;000;N_0825809665;N_4597540400;002;ELEM;InstrForDbtrAgt;/Document/CstmrCdtTrfInitn/PmtInf/InstrForDbtrAgt;/Document/CstmrCdtTrfInitn/PmtInf/InstrForDbtrAgt;0000;C;;;;000;000;;;;;INHERITED_FROM_PARENT;ACTIVE;;Further information that may need to be acted upon by debtor agent
PAYM;Z_PT_CGI_XML_CT_V9;000;N_1126558850;N_4597540400;002;ELEM;NbOfTxs;/Document/CstmrCdtTrfInitn/PmtInf/NbOfTxs;/Document/CstmrCdtTrfInitn/PmtInf/NbOfTxs;0008;N;;;;000;000;;;;;INHERITED_FROM_PARENT;ACTIVE;;Number of individual transactions contained in payment information group
PAYM;Z_PT_CGI_XML_CT_V9;000;N_9066303110;N_4597540400;002;ELEM;PmtInfId;/Document/CstmrCdtTrfInitn/PmtInf/PmtInfId;/Document/CstmrCdtTrfInitn/PmtInf/PmtInfId;0035;C;;FPAYHX;REF06+040;000;000;;;;;INHERITED_FROM_PARENT;ACTIVE;;Unique identification to unambiguously identify payment information group
PAYM;Z_PT_CGI_XML_CT_V9;000;N_1264774470;N_4597540400;002;ELEM;PmtMtd;/Document/CstmrCdtTrfInitn/PmtInf/PmtMtd;/Document/CstmrCdtTrfInitn/PmtInf/PmtMtd;0000;C;;;;000;000;;;;;INHERITED_FROM_PARENT;ACTIVE;;Specifies means of payment that will be used to move amount of money
PAYM;Z_PT_CGI_XML_CT_V9;000;N_0586676520;N_1264774470;000;ATOM;CHK;/Document/CstmrCdtTrfInitn/PmtInf/PmtMtd/:atom:CHK;/Document/CstmrCdtTrfInitn/PmtInf/PmtMtd/:atom:CHK;0000;C;;;;000;000;CHK;;;FPAYHX-XSCHK = 'X';REDEFINED_IN_TREE;DEACTIVATED;;
PAYM;Z_PT_CGI_XML_CT_V9;000;N_3916680450;N_1264774470;000;ATOM;TRF;/Document/CstmrCdtTrfInitn/PmtInf/PmtMtd/:atom:TRF;/Document/CstmrCdtTrfInitn/PmtInf/PmtMtd/:atom:TRF;0000;C;;;;000;000;TRF;;;FPAYHX-XSCHK = SPACE;INHERITED_FROM_PARENT;ACTIVE;;
PAYM;Z_PT_CGI_XML_CT_V9;000;N_2562711940;N_4597540400;002;ELEM;PmtTpInf;/Document/CstmrCdtTrfInitn/PmtInf/PmtTpInf;/Document/CstmrCdtTrfInitn/PmtInf/PmtTpInf;0000;C;;;;000;000;;;;FPAYHX-REF03+0(1) = 'S' AND FPAYHX-XSCHK = SPACE;INHERITED_FROM_PARENT;ACTIVE;;Set of elements used to further specify type of transaction
PAYM;Z_PT_CGI_XML_CT_V9;000;N_0584949040;N_2562711940;002;ELEM;CtgyPurp;/Document/CstmrCdtTrfInitn/PmtInf/PmtTpInf/CtgyPurp;/Document/CstmrCdtTrfInitn/PmtInf/PmtTpInf/CtgyPurp;0000;C;;;;000;000;;;;;INHERITED_FROM_PARENT;ACTIVE;;Specifies high level purpose of instruction based on set of categories
PAYM;Z_PT_CGI_XML_CT_V9;000;N_7655237210;N_0584949040;000;ELEM;Cd;/Document/CstmrCdtTrfInitn/PmtInf/PmtTpInf/CtgyPurp/Cd;/Document/CstmrCdtTrfInitn/PmtInf/PmtTpInf/CtgyPurp/Cd;0000;C;;;;000;000;SUPP;;;;REDEFINED_IN_TREE;ACTIVE;;
PAYM;Z_PT_CGI_XML_CT_V9;000;N01623664445;N_7655237210;000;ATOM;CASH;/Document/CstmrCdtTrfInitn/PmtInf/PmtTpInf/CtgyPurp/Cd/:atom:CASH;/Document/CstmrCdtTrfInitn/PmtInf/PmtTpInf/CtgyPurp/Cd/:atom:CASH;0000;C;;;;000;000;CASH;;;FPAYP-GPA2R >= 999999;ADDED_IN_TREE;ACTIVE;;
PAYM;Z_PT_CGI_XML_CT_V9;000;N_0505655476;N_7655237210;000;ATOM;CODE2;/Document/CstmrCdtTrfInitn/PmtInf/PmtTpInf/CtgyPurp/Cd/:atom:CODE2;/Document/CstmrCdtTrfInitn/PmtInf/PmtTpInf/CtgyPurp/Cd/:atom:CODE2;0000;C;;FPAYHX;CODE2;000;000;;;;FPAYH-DORIGIN <> 'HR-PY';INHERITED_FROM_PARENT;ACTIVE;;
PAYM;Z_PT_CGI_XML_CT_V9;000;N_0928715854;N_7655237210;000;ATOM;HR_CODE;/Document/CstmrCdtTrfInitn/PmtInf/PmtTpInf/CtgyPurp/Cd/:atom:HR_CODE;/Document/CstmrCdtTrfInitn/PmtInf/PmtTpInf/CtgyPurp/Cd/:atom:HR_CODE;0000;C;;FPAYH;PURP_CODE;000;000;;;;FPAYH-DORIGIN = 'HR-PY';INHERITED_FROM_PARENT;ACTIVE;;
PAYM;Z_PT_CGI_XML_CT_V9;000;N01240798012;N_7655237210;000;ATOM;SUPP;/Document/CstmrCdtTrfInitn/PmtInf/PmtTpInf/CtgyPurp/Cd/:atom:SUPP;/Document/CstmrCdtTrfInitn/PmtInf/PmtTpInf/CtgyPurp/Cd/:atom:SUPP;0000;C;;;;000;000;SUPP;;;;ADDED_IN_TREE;ACTIVE;;
PAYM;Z_PT_CGI_XML_CT_V9;000;N_5119155690;N_0584949040;002;ELEM;Prtry;/Document/CstmrCdtTrfInitn/PmtInf/PmtTpInf/CtgyPurp/Prtry;/Document/CstmrCdtTrfInitn/PmtInf/PmtTpInf/CtgyPurp/Prtry;0035;C;;;;000;000;;;;;REDEFINED_IN_TREE;DEACTIVATED;;Category purpose, in proprietary form.
PAYM;Z_PT_CGI_XML_CT_V9;000;N_3076252500;N_2562711940;002;ELEM;InstrPrty;/Document/CstmrCdtTrfInitn/PmtInf/PmtTpInf/InstrPrty;/Document/CstmrCdtTrfInitn/PmtInf/PmtTpInf/InstrPrty;0000;C;;;;000;000;;;;FPAYHX-REF03+0(1) <> 'S';REDEFINED_IN_TREE;ACTIVE;;Indicator of urgency or order of importance of processing of instruction
PAYM;Z_PT_CGI_XML_CT_V9;000;N_9463003790;N_3076252500;000;ATOM;HIGH;/Document/CstmrCdtTrfInitn/PmtInf/PmtTpInf/InstrPrty/:atom:HIGH;/Document/CstmrCdtTrfInitn/PmtInf/PmtTpInf/InstrPrty/:atom:HIGH;0000;C;;;;000;000;HIGH;;;FPAYHX-DTKZA = '01' OR FPAYHX-DTURG <> SPACE;INHERITED_FROM_PARENT;ACTIVE;;
PAYM;Z_PT_CGI_XML_CT_V9;000;N_4869161870;N_3076252500;000;ATOM;NORM;/Document/CstmrCdtTrfInitn/PmtInf/PmtTpInf/InstrPrty/:atom:NORM;/Document/CstmrCdtTrfInitn/PmtInf/PmtTpInf/InstrPrty/:atom:NORM;0000;C;;;;000;000;NORM;;;FPAYHX-DTKZA = '00';INHERITED_FROM_PARENT;ACTIVE;;
PAYM;Z_PT_CGI_XML_CT_V9;000;N_6814222460;N_2562711940;002;ELEM;LclInstrm;/Document/CstmrCdtTrfInitn/PmtInf/PmtTpInf/LclInstrm;/Document/CstmrCdtTrfInitn/PmtInf/PmtTpInf/LclInstrm;0000;C;;;;000;000;;;;;INHERITED_FROM_PARENT;ACTIVE;;User community specific instrument
PAYM;Z_PT_CGI_XML_CT_V9;000;N_3985570980;N_6814222460;002;ELEM;Cd;/Document/CstmrCdtTrfInitn/PmtInf/PmtTpInf/LclInstrm/Cd;/Document/CstmrCdtTrfInitn/PmtInf/PmtTpInf/LclInstrm/Cd;0035;C;;FPAYHX;CODE3;000;000;;;;;INHERITED_FROM_PARENT;ACTIVE;;Specifies local instrument, as published in ext. local instrument code list
PAYM;Z_PT_CGI_XML_CT_V9;000;N_2912446850;N_6814222460;002;ELEM;Prtry;/Document/CstmrCdtTrfInitn/PmtInf/PmtTpInf/LclInstrm/Prtry;/Document/CstmrCdtTrfInitn/PmtInf/PmtTpInf/LclInstrm/Prtry;0035;C;;;;000;000;;;;;INHERITED_FROM_PARENT;ACTIVE;;Specifies local instrument, as proprietary code
PAYM;Z_PT_CGI_XML_CT_V9;000;N_9617444420;N_2562711940;002;ELEM;SvcLvl;/Document/CstmrCdtTrfInitn/PmtInf/PmtTpInf/SvcLvl;/Document/CstmrCdtTrfInitn/PmtInf/PmtTpInf/SvcLvl;0000;C;;;;000;000;;;;;INHERITED_FROM_PARENT;ACTIVE;;Agreement under which or rules under which transaction should be processed
PAYM;Z_PT_CGI_XML_CT_V9;000;N_3626205320;N_9617444420;002;ELEM;Cd;/Document/CstmrCdtTrfInitn/PmtInf/PmtTpInf/SvcLvl/Cd;/Document/CstmrCdtTrfInitn/PmtInf/PmtTpInf/SvcLvl/Cd;0004;C;;FPAYHX;CODE1;000;000;;;;;INHERITED_FROM_PARENT;ACTIVE;;Specifies service or level of service from service level code list
PAYM;Z_PT_CGI_XML_CT_V9;000;N_0459430581;N_3626205320;000;ATOM;Non_SEPA;/Document/CstmrCdtTrfInitn/PmtInf/PmtTpInf/SvcLvl/Cd/:atom:Non_SEPA;/Document/CstmrCdtTrfInitn/PmtInf/PmtTpInf/SvcLvl/Cd/:atom:Non_SEPA;0000;C;;FPAYHX;CODE1;000;000;;;;FPAYHX-CODE1 <> SPACE;INHERITED_FROM_PARENT;ACTIVE;;
PAYM;Z_PT_CGI_XML_CT_V9;000;N_0700011285;N_3626205320;000;ATOM;SEPA;/Document/CstmrCdtTrfInitn/PmtInf/PmtTpInf/SvcLvl/Cd/:atom:SEPA;/Document/CstmrCdtTrfInitn/PmtInf/PmtTpInf/SvcLvl/Cd/:atom:SEPA;0000;C;;;;000;000;SEPA;;;FPAYHX-REF03+0(1) = 'S' AND FPAYHX-CODE1 = SPACE;INHERITED_FROM_PARENT;ACTIVE;;
PAYM;Z_PT_CGI_XML_CT_V9;000;N_7244272960;N_9617444420;002;ELEM;Prtry;/Document/CstmrCdtTrfInitn/PmtInf/PmtTpInf/SvcLvl/Prtry;/Document/CstmrCdtTrfInitn/PmtInf/PmtTpInf/SvcLvl/Prtry;0035;C;;;;000;000;;;;;REDEFINED_IN_TREE;DEACTIVATED;;Specifies service or level of service, as proprietary code
PAYM;Z_PT_CGI_XML_CT_V9;000;N_4296752940;N_4597540400;002;ELEM;ReqdExctnDt;/Document/CstmrCdtTrfInitn/PmtInf/ReqdExctnDt;/Document/CstmrCdtTrfInitn/PmtInf/ReqdExctnDt;0000;C;;;;000;000;;;;;INHERITED_FROM_PARENT;ACTIVE;;Date at which initiating party requests clearing agent to process payment
PAYM;Z_PT_CGI_XML_CT_V9;000;N_0725973659;N_4296752940;002;ELEM;Dt;/Document/CstmrCdtTrfInitn/PmtInf/ReqdExctnDt/Dt;/Document/CstmrCdtTrfInitn/PmtInf/ReqdExctnDt/Dt;0010;C;01;;;000;000;;;;;INHERITED_FROM_PARENT;ACTIVE;;Specified date
PAYM;Z_PT_CGI_XML_CT_V9;000;N_4780362120;N_0725973659;000;ATOM;-;/Document/CstmrCdtTrfInitn/PmtInf/ReqdExctnDt/Dt/:atom:-;/Document/CstmrCdtTrfInitn/PmtInf/ReqdExctnDt/Dt/:atom:-;0000;C;;;;000;000;-;;;;INHERITED_FROM_PARENT;ACTIVE;;
PAYM;Z_PT_CGI_XML_CT_V9;000;N_5900323910;N_0725973659;000;ATOM;-;/Document/CstmrCdtTrfInitn/PmtInf/ReqdExctnDt/Dt/:atom:-;/Document/CstmrCdtTrfInitn/PmtInf/ReqdExctnDt/Dt/:atom:-;0000;C;;;;000;000;-;;;;INHERITED_FROM_PARENT;ACTIVE;;
PAYM;Z_PT_CGI_XML_CT_V9;000;N_3150905920;N_0725973659;000;ATOM;DD;/Document/CstmrCdtTrfInitn/PmtInf/ReqdExctnDt/Dt/:atom:DD;/Document/CstmrCdtTrfInitn/PmtInf/ReqdExctnDt/Dt/:atom:DD;0002;C;;FPAYH;AUSFD+006;008;000;;;;FPM_CGI-DUEDATE_CGI = 00000000 OR FPM_CGI-DUEDATE_CGI = SPACE;INHERITED_FROM_PARENT;ACTIVE;;
PAYM;Z_PT_CGI_XML_CT_V9;000;N_9118864800;N_0725973659;000;ATOM;DD;/Document/CstmrCdtTrfInitn/PmtInf/ReqdExctnDt/Dt/:atom:DD;/Document/CstmrCdtTrfInitn/PmtInf/ReqdExctnDt/Dt/:atom:DD;0002;C;;FPM_CGI;DUEDATE_CGI+006;008;000;;;;FPM_CGI-DUEDATE_CGI <> 00000000;INHERITED_FROM_PARENT;ACTIVE;;
PAYM;Z_PT_CGI_XML_CT_V9;000;N_1514610190;N_0725973659;000;ATOM;MM;/Document/CstmrCdtTrfInitn/PmtInf/ReqdExctnDt/Dt/:atom:MM;/Document/CstmrCdtTrfInitn/PmtInf/ReqdExctnDt/Dt/:atom:MM;0002;C;;FPM_CGI;DUEDATE_CGI+004;005;000;;;;FPM_CGI-DUEDATE_CGI <> 00000000;INHERITED_FROM_PARENT;ACTIVE;;
PAYM;Z_PT_CGI_XML_CT_V9;000;N_7699165170;N_0725973659;000;ATOM;MM;/Document/CstmrCdtTrfInitn/PmtInf/ReqdExctnDt/Dt/:atom:MM;/Document/CstmrCdtTrfInitn/PmtInf/ReqdExctnDt/Dt/:atom:MM;0002;C;;FPAYH;AUSFD+004;005;000;;;;FPM_CGI-DUEDATE_CGI = 00000000 OR FPM_CGI-DUEDATE_CGI = SPACE;INHERITED_FROM_PARENT;ACTIVE;;
PAYM;Z_PT_CGI_XML_CT_V9;000;N_3674030110;N_0725973659;000;ATOM;YYYY;/Document/CstmrCdtTrfInitn/PmtInf/ReqdExctnDt/Dt/:atom:YYYY;/Document/CstmrCdtTrfInitn/PmtInf/ReqdExctnDt/Dt/:atom:YYYY;0004;C;;FPM_CGI;DUEDATE_CGI;000;000;;;;FPM_CGI-DUEDATE_CGI <> 00000000;INHERITED_FROM_PARENT;ACTIVE;;
PAYM;Z_PT_CGI_XML_CT_V9;000;N_5769359660;N_0725973659;000;ATOM;YYYY;/Document/CstmrCdtTrfInitn/PmtInf/ReqdExctnDt/Dt/:atom:YYYY;/Document/CstmrCdtTrfInitn/PmtInf/ReqdExctnDt/Dt/:atom:YYYY;0004;C;;FPAYH;AUSFD;000;000;;;;FPM_CGI-DUEDATE_CGI = 00000000 OR FPM_CGI-DUEDATE_CGI = SPACE;INHERITED_FROM_PARENT;ACTIVE;;
PAYM;Z_PT_CGI_XML_CT_V9;000;N_0181893564;N_4296752940;002;ELEM;DtTm;/Document/CstmrCdtTrfInitn/PmtInf/ReqdExctnDt/DtTm;/Document/CstmrCdtTrfInitn/PmtInf/ReqdExctnDt/DtTm;0000;C;;;;000;000;;;;;REDEFINED_IN_TREE;DEACTIVATED;;Specified date and time
PAYM;Z_PT_CGI_XML_CT_V9;000;N_8881129620;N_4597540400;002;ELEM;UltmtDbtr;/Document/CstmrCdtTrfInitn/PmtInf/UltmtDbtr;/Document/CstmrCdtTrfInitn/PmtInf/UltmtDbtr;0000;C;;;;000;000;;;;1 = SPACE;INHERITED_FROM_PARENT;ACTIVE;;Ultimate party that owes amount of money to (ultimate) creditor
PAYM;Z_PT_CGI_XML_CT_V9;000;N_3908215560;N_8881129620;002;ELEM;Id;/Document/CstmrCdtTrfInitn/PmtInf/UltmtDbtr/Id;/Document/CstmrCdtTrfInitn/PmtInf/UltmtDbtr/Id;0000;C;;;;000;000;;;;;INHERITED_FROM_PARENT;ACTIVE;;Unique and unambiguous identification of party
PAYM;Z_PT_CGI_XML_CT_V9;000;N_6815310830;N_3908215560;002;ELEM;OrgId;/Document/CstmrCdtTrfInitn/PmtInf/UltmtDbtr/Id/OrgId;/Document/CstmrCdtTrfInitn/PmtInf/UltmtDbtr/Id/OrgId;0000;C;;;;000;000;;;;;INHERITED_FROM_PARENT;ACTIVE;;Unique and unambiguous way to identify organisation
PAYM;Z_PT_CGI_XML_CT_V9;000;N_7233747940;N_6815310830;002;ELEM;Othr;/Document/CstmrCdtTrfInitn/PmtInf/UltmtDbtr/Id/OrgId/Othr;/Document/CstmrCdtTrfInitn/PmtInf/UltmtDbtr/Id/OrgId/Othr;0000;C;;;;000;000;;;;;INHERITED_FROM_PARENT;ACTIVE;;Unique identification of organisation using identification scheme
PAYM;Z_PT_CGI_XML_CT_V9;000;N_8469486180;N_7233747940;002;ELEM;Id;/Document/CstmrCdtTrfInitn/PmtInf/UltmtDbtr/Id/OrgId/Othr/Id;/Document/CstmrCdtTrfInitn/PmtInf/UltmtDbtr/Id/OrgId/Othr/Id;0035;C;;;;000;000;;;;;INHERITED_FROM_PARENT;ACTIVE;;Identification assigned by institution
PAYM;Z_PT_CGI_XML_CT_V9;000;N_8903937670;N_8881129620;002;ELEM;Nm;/Document/CstmrCdtTrfInitn/PmtInf/UltmtDbtr/Nm;/Document/CstmrCdtTrfInitn/PmtInf/UltmtDbtr/Nm;0070;C;;;;000;000;;;;;INHERITED_FROM_PARENT;ACTIVE;;Name by which party is known and which is usually used to identify party
